file,segment_id,sampling_rate,quality_score,is_valid,rms,peak,peak_to_peak,crest_factor,kurtosis,skewness,form_factor,impulse_factor,margin_factor,variance,mean,std
normal_0_1797.mat,0,12000.0,0.75,True,0.9999999999999999,3.9420130528135324,6.789676356412698,3.942013052813533,-0.045823807257909355,-0.13732180841741556,1.2494865139042322,4.925492147124961,5.81796207095944,1.0,3.2959746043559335e-17,1.0
normal_0_1797.mat,1,12000.0,0.88,True,1.0,3.8992540866938468,6.615979690302948,3.8992540866938468,-0.11633848943581127,-0.01009887003125981,1.245521687639293,4.85660553059333,5.725732259908762,1.0,-2.6020852139652106e-17,1.0
normal_0_1797.mat,2,12000.0,0.75,True,0.9999999999999998,3.0714866148677347,5.766844148142759,3.0714866148677356,-0.18457978069835512,-0.062347815477942395,1.2447342363995477,3.823184546168822,4.507749445385333,0.9999999999999997,-3.9898639947466563e-17,0.9999999999999998
normal_0_1797.mat,3,12000.0,0.88,True,1.0,3.10423230469649,5.843993261204406,3.10423230469649,-0.15065664928791245,-0.10381923541383468,1.2518982535504342,3.8861830008643747,4.597309955614394,1.0,-8.673617379884035e-18,1.0
normal_0_1797.mat,4,12000.0,1.0,True,1.0,2.918202158630938,5.743570548433663,2.918202158630938,-0.22175974612149485,0.02596008257067962,1.248966329528486,3.644736238887388,4.3020038821992435,1.0000000000000002,6.938893903907228e-18,1.0
normal_0_1797.mat,5,12000.0,1.0,True,1.0,3.6017749230333895,6.489919545302737,3.6017749230333895,-0.17961564571480526,-0.021942586980997734,1.2446751046589053,4.483039579284405,5.280486216287769,1.0000000000000002,4.336808689942018e-19,1.0
normal_0_1797.mat,6,12000.0,0.88,True,0.9999999999999999,3.557495068583811,6.807359228369688,3.5574950685838114,-0.06903485417689215,-0.14753546467773299,1.2526198252191023,4.456188851027272,5.268366502527793,0.9999999999999999,-1.3010426069826053e-17,0.9999999999999999
normal_0_1797.mat,7,12000.0,0.88,True,0.9999999999999999,3.270656334858558,6.398861119482881,3.2706563348585584,0.019776821117020837,-0.1322863112954118,1.260998821060986,4.124293782352288,4.891738483848332,0.9999999999999999,1.734723475976807e-18,0.9999999999999999
normal_0_1797.mat,8,12000.0,1.0,True,1.0,3.011629267328108,6.009751208078983,3.011629267328108,-0.20560065019250118,-0.08345110709392912,1.2409098785678836,3.7371605084116073,4.3885523088193175,1.0,-2.168404344971009e-17,1.0
normal_0_1797.mat,9,12000.0,1.0,True,1.0,3.0740776644621923,5.9162963966017195,3.0740776644621923,-0.19814862824187296,-0.058479258863780366,1.2457857295289043,3.829642085850543,4.505641811482188,1.0,-6.288372600415926e-18,1.0
normal_0_1797.mat,10,12000.0,0.75,True,1.0,2.943817092210586,5.691396287113825,2.943817092210586,-0.10070909639474523,-0.14113279966423087,1.2565960113243209,3.699188816140183,4.3764151627679215,1.0,-1.734723475976807e-17,1.0
normal_0_1797.mat,11,12000.0,0.5,False,1.0,2.9330194771059928,5.67767271453984,2.9330194771059928,-0.23408650664804664,-0.16063967135103116,1.2468038718239907,3.6569000401909286,4.320580358946233,1.0,-4.163336342344337e-17,1.0
normal_0_1797.mat,12,12000.0,1.0,True,1.0,3.4974944960051597,6.391557905020457,3.4974944960051597,-0.1899383312643108,-0.10265323035996107,1.243722769701184,4.349913541586184,5.126125024001699,1.0,3.8163916471489756e-17,1.0
normal_0_1797.mat,13,12000.0,1.0,True,1.0,3.444555214199724,6.2834547080028464,3.444555214199724,-0.18765458612951935,-0.07432998210560982,1.2397012889833652,4.27021953901777,5.000514269506771,1.0,1.9081958235744878e-17,1.0
normal_0_1797.mat,14,12000.0,1.0,True,0.9999999999999999,2.906645455679747,5.686418561239705,2.9066454556797474,-0.29292266786107213,-0.04644471570872231,1.239925338694328,3.60402335109804,4.229696417932529,0.9999999999999999,-5.204170427930421e-18,0.9999999999999999
normal_0_1797.mat,15,12000.0,0.88,True,1.0,2.8919885422649756,5.653091625524416,2.8919885422649756,-0.3162647014701512,-0.10476614380934923,1.2411422240832783,3.58936909137011,4.225231932159953,1.0,-1.0408340855860843e-17,1.0
normal_0_1797.mat,16,12000.0,0.5,False,1.0,3.0328471574897415,5.682817342224308,3.0328471574897415,-0.3860566299415993,-0.05782197532282047,1.2313238317102093,3.7344169829516853,4.374698798662989,1.0,3.122502256758253e-17,1.0
normal_0_1797.mat,17,12000.0,1.0,True,1.0,3.1885063903802786,6.211248089279152,3.1885063903802786,-0.3273118234746146,-0.05884939826321827,1.230819782319206,3.924476741331252,4.582032695044606,1.0000000000000002,1.9949319973733282e-17,1.0
normal_0_1797.mat,18,12000.0,1.0,True,1.0,3.3663150766754395,6.175639255712509,3.3663150766754395,-0.2488979733863177,-0.09138705427011778,1.2389512921954529,4.17070041418407,4.901366064486751,1.0,2.0816681711721685e-17,1.0
normal_0_1797.mat,19,12000.0,1.0,True,0.9999999999999999,3.4301368607474454,6.277157800041212,3.430136860747446,-0.16604472863743114,-0.017295309971774947,1.2448755485319236,4.270093506062548,5.031106713890059,0.9999999999999999,3.0357660829594124e-17,0.9999999999999999
normal_0_1797.mat,20,12000.0,1.0,True,1.0,3.424777761554108,6.237676652839874,3.424777761554108,-0.17652053398837841,-0.06607348469674701,1.2411455105744449,4.2506475434680775,4.97873459127006,1.0,1.734723475976807e-18,1.0
normal_0_1797.mat,21,12000.0,0.75,True,1.0,2.9603470233091493,5.813190831024503,2.9603470233091493,-0.34676277856397464,-0.1187657550445193,1.2309374452558095,3.6440020019428045,4.249564384401091,1.0,5.204170427930421e-18,1.0
normal_0_1797.mat,22,12000.0,1.0,True,1.0,3.0198782695990483,5.828328807285711,3.0198782695990483,-0.3224776816417645,-0.06011655506043043,1.2337383919804494,3.7257397603118316,4.360034931741497,1.0,1.3877787807814457e-17,1.0
normal_0_1797.mat,23,12000.0,0.62,False,1.0,3.0800785938030995,5.780674945624552,3.0800785938030995,-0.32594387290979476,-0.09064971793092416,1.2363191457201002,3.807960135841415,4.463615199770472,1.0,6.938893903907228e-18,1.0
normal_0_1797.mat,24,12000.0,0.75,True,1.0,2.967623396784617,5.766440290156204,2.967623396784617,-0.2784721481214021,-0.15881393832589707,1.2360075956109267,3.668005059338485,4.293096910332991,1.0000000000000002,-1.0408340855860843e-17,1.0
normal_0_1797.mat,25,12000.0,0.38,False,0.9999999999999999,2.902321685224658,5.690348899810688,2.9023216852246585,-0.3601357585701761,-0.10770931540720265,1.2305624857037563,3.5714881872819704,4.179344598618983,0.9999999999999999,1.734723475976807e-18,0.9999999999999999
normal_0_1797.mat,26,12000.0,0.12,False,1.0,2.907842036002767,5.448809449106491,2.907842036002767,-0.4538303682198719,-0.12921532702385147,1.2230303021782851,3.556378923979184,4.14168262534375,1.0,3.469446951953614e-18,1.0
normal_0_1797.mat,27,12000.0,0.75,True,1.0,4.058701113267748,7.106468954423832,4.058701113267748,0.0012347064068558566,-0.15958789801111764,1.2447239656347697,5.051962545032887,5.933623550825157,1.0,1.3877787807814457e-17,1.0
normal_0_1797.mat,28,12000.0,0.88,True,0.9999999999999999,4.201894810997065,7.375540844977184,4.201894810997066,-0.012873752903885372,-0.08503685665157315,1.2474219278537984,5.241535725772831,6.185336203458867,0.9999999999999999,6.938893903907228e-18,0.9999999999999999
normal_0_1797.mat,29,12000.0,0.75,True,1.0,3.2229229541194657,6.021112319586065,3.2229229541194657,-0.33744489643935793,-0.10916160580429764,1.2300761083572467,3.9644405249385133,4.624333257286893,1.0000000000000002,-2.0816681711721685e-17,1.0
normal_0_1797.mat,30,12000.0,0.75,True,1.0,3.2053924415512847,5.912387508896824,3.2053924415512847,-0.3526570517335368,-0.1203084347985722,1.2219827444896665,3.9169342528932716,4.536658738127706,1.0,-1.3877787807814457e-17,1.0
normal_0_1797.mat,31,12000.0,0.88,True,1.0,3.1648189522120806,6.065470558274727,3.1648189522120806,-0.31497718977677236,-0.07214490181917593,1.2297920797358688,3.8920692812283875,4.539838457467281,1.0,3.469446951953614e-18,1.0
normal_0_1797.mat,32,12000.0,1.0,True,1.0,3.094006916194438,6.05000993510488,3.094006916194438,-0.2497412501136762,-0.05017820029987694,1.2403720497230126,3.8377197004972725,4.508141654891776,1.0,1.0408340855860843e-17,1.0
normal_0_1797.mat,33,12000.0,1.0,True,0.9999999999999999,2.9504593148959017,5.849822170158471,2.950459314895902,-0.3509375003803985,-0.06369878710583009,1.233076006904103,3.638140590544854,4.259144660290672,0.9999999999999998,6.938893903907228e-18,0.9999999999999999
normal_0_1797.mat,34,12000.0,1.0,True,1.0,2.9972868810148787,5.929296850445342,2.9972868810148787,-0.29079872201986845,-0.07363637716761183,1.2396404087993316,3.7155579344701573,4.364398862755978,1.0,-1.3877787807814457e-17,1.0
normal_0_1797.mat,35,12000.0,1.0,True,1.0,3.4810262293317416,6.411687571028067,3.4810262293317416,-0.18697633451009388,-0.06499451168681991,1.2479159422164001,4.344028126856523,5.12066580303036,1.0000000000000002,5.204170427930421e-18,1.0
normal_0_1797.mat,36,12000.0,1.0,True,0.9999999999999999,3.512864790473903,6.341936571621195,3.5128647904739037,-0.20923898421660425,-0.09073388654217879,1.2438878343030533,4.369609776422033,5.149722269899134,0.9999999999999998,-4.336808689942018e-18,0.9999999999999999
normal_0_1797.mat,37,12000.0,1.0,True,0.9999999999999999,3.491309875472768,6.4072722271854605,3.4913098754727683,-0.24354933496898568,-0.019324741771604342,1.2440670443014,4.343423557519695,5.131064322566559,0.9999999999999998,8.673617379884035e-18,0.9999999999999999
normal_0_1797.mat,38,12000.0,1.0,True,0.9999999999999999,3.0271653029543053,5.889060191444472,3.0271653029543057,-0.26403643227786233,0.03302106853795075,1.2420451281838767,3.7598759167416644,4.430810971179897,0.9999999999999999,1.9081958235744878e-17,0.9999999999999999
normal_0_1797.mat,39,12000.0,1.0,True,1.0,3.3535821945339004,6.472762108361701,3.3535821945339004,-0.220607356364785,0.0075675960988224045,1.2365452611218097,4.146856170433374,4.862784990027638,1.0,1.214306433183765e-17,1.0
normal_0_1797.mat,40,12000.0,1.0,True,1.0,3.2951018053407886,6.327319845646413,3.2951018053407886,-0.23831227660187082,0.0302256821581075,1.2331818645636392,4.063459788237168,4.751345041873363,1.0,1.9081958235744878e-17,1.0
normal_0_1797.mat,41,12000.0,1.0,True,1.0,3.264948204735981,6.49841072695517,3.264948204735981,-0.12679433044179245,0.0406279199245603,1.2460366837991403,4.068245233805178,4.7899739419457354,1.0,-5.204170427930421e-18,1.0
normal_0_1797.mat,42,12000.0,1.0,True,1.0,3.2627494372742576,6.511154776213825,3.2627494372742576,0.012975879359069964,-0.023794464346167388,1.2571825943694293,4.101871802329847,4.842964736052606,1.0,-1.0408340855860843e-17,1.0
normal_0_1797.mat,43,12000.0,1.0,True,0.9999999999999999,2.989267371258249,5.945631536391521,2.9892673712582494,-0.16569412233256342,6.445296926851918e-06,1.2440367334195745,3.718758415857831,4.354220384790285,0.9999999999999998,2.6020852139652106e-17,0.9999999999999999
normal_0_1797.mat,44,12000.0,1.0,True,1.0,3.2463155847808856,6.178541591468118,3.2463155847808856,-0.12599494180206472,0.0756554014946964,1.2447827922826529,4.040957778254244,4.752761984479851,1.0,1.214306433183765e-17,1.0
normal_0_1797.mat,45,12000.0,1.0,True,1.0,3.2711242398998692,6.235009966913438,3.2711242398998692,-0.1091463878691421,-0.013428366864023905,1.2452596868925174,4.073399146764236,4.783873472213671,1.0,1.734723475976807e-18,1.0
normal_0_1797.mat,46,12000.0,1.0,True,1.0,3.1601955903995544,6.283707659948694,3.1601955903995544,-0.2542422207513977,-0.05213521457831172,1.2322684339443182,3.8942092711393985,4.531901973074017,1.0,-5.204170427930421e-18,1.0
normal_0_1797.mat,47,12000.0,0.75,True,1.0,3.9963578205860606,7.1225929348802985,3.9963578205860606,-0.010131172856558734,0.0819697269454846,1.2402310586770176,4.9564070906776285,5.787299252578745,1.0,-1.734723475976807e-18,1.0
normal_0_1797.mat,48,12000.0,0.62,False,1.0,4.023676902291838,7.073057326727366,4.023676902291838,-0.05507403535255406,0.08392273975477357,1.242398180631465,4.999008862856228,5.859816607202651,1.0,8.673617379884035e-18,1.0
normal_0_1797.mat,49,12000.0,1.0,True,0.9999999999999999,3.1328690010112648,6.195456766112401,3.132869001011265,-0.23408672448811574,-0.0486446601101576,1.2392379063448842,3.8823700216659893,4.561302672140233,0.9999999999999998,-8.673617379884035e-18,0.9999999999999999
normal_0_1797.mat,50,12000.0,1.0,True,1.0,3.4424906178416936,6.787916305258031,3.4424906178416936,-0.015528226689547786,-0.07796661125516659,1.2472309536928745,4.293580856369468,5.052436331382556,1.0,-2.5153490401663703e-17,1.0
normal_0_1797.mat,51,12000.0,1.0,True,0.9999999999999999,3.3299782480317663,6.569471923049338,3.329978248031767,-0.09007606127434897,-0.045611923365173675,1.2450946211845637,4.14613800528595,4.8755437385402205,0.9999999999999998,-6.938893903907228e-18,0.9999999999999999
normal_0_1797.mat,52,12000.0,1.0,True,0.9999999999999999,3.083969438856952,6.12946119613783,3.0839694388569523,-0.3329540927156742,-0.02762137871050751,1.230178229063129,3.793832062777857,4.433309117537566,0.9999999999999999,-1.734723475976807e-17,0.9999999999999999
normal_0_1797.mat,53,12000.0,0.75,True,1.0,3.1254375910407006,5.879210633706331,3.1254375910407006,-0.3629717057213533,0.038536418084340565,1.2230572496004624,3.822589103896134,4.440227589816928,1.0000000000000002,-1.734723475976807e-18,1.0
normal_0_1797.mat,54,12000.0,1.0,True,1.0,3.275864485846357,6.190845257124615,3.275864485846357,-0.23750755402969226,0.08216044344544653,1.230738057236271,4.0317310930798405,4.700770938765387,1.0000000000000002,-1.0408340855860843e-17,1.0
normal_0_1797.mat,55,12000.0,0.88,True,0.9999999999999999,3.6557550439914226,7.002450415607079,3.655755043991423,-0.09550691452375704,0.07098591335576537,1.2378168020290816,4.525155017555147,5.294029818420318,0.9999999999999999,-9.540979117872439e-18,0.9999999999999999
normal_0_1797.mat,56,12000.0,0.75,True,1.0,3.603595735768315,6.8765630859172315,3.603595735768315,0.0874022277808355,0.1572111614188764,1.258184774073438,4.533989286659662,5.362352303790024,1.0,-1.734723475976807e-18,1.0
normal_0_1797.mat,57,12000.0,0.75,True,1.0,3.3727868143589346,6.192036325779613,3.3727868143589346,-0.07225724603929784,0.13404791759812656,1.258195625637897,4.243625616035589,5.032864266436081,1.0000000000000002,-3.122502256758253e-17,1.0
normal_0_1797.mat,58,12000.0,0.88,True,1.0,3.8988542010316114,6.9806602454874165,3.8988542010316114,-0.010910352388598277,-0.0687774749851652,1.248804883982971,4.8689081681858015,5.731025847407647,1.0000000000000002,1.5612511283791264e-17,1.0
normal_0_1797.mat,59,12000.0,0.75,True,0.9999999999999999,3.904334604846989,6.80904042843055,3.9043346048469894,0.0029636281334255443,-0.11127528586602829,1.2470127296099853,4.868754952900968,5.716108788720711,0.9999999999999999,-1.3877787807814457e-17,0.9999999999999999
normal_0_1797.mat,60,12000.0,1.0,True,1.0,3.063791980023113,5.964464755373638,3.063791980023113,-0.19207149814073343,0.02273747797047001,1.2439541269176526,3.8112166775669576,4.473774781443679,1.0000000000000002,2.6020852139652106e-18,1.0
normal_0_1797.mat,61,12000.0,1.0,True,1.0000000000000002,3.18114181032641,6.018415493957032,3.1811418103264093,-0.2722164190833949,0.013481280303483542,1.2365512366482452,3.933644839512559,4.600434655975239,1.0000000000000004,-6.938893903907228e-18,1.0000000000000002
normal_0_1797.mat,62,12000.0,1.0,True,1.0,2.992043593676764,5.868131497704601,2.992043593676764,-0.2470125382049444,0.03395071795369285,1.2393865543937888,3.708298600163054,4.35424485508094,1.0,3.2959746043559335e-17,1.0
normal_0_1797.mat,63,12000.0,1.0,True,1.0,3.0203687860944015,5.914146779165708,3.0203687860944015,-0.13390549759862713,-0.028192958531154416,1.2501034225666678,3.775773356910143,4.467437236922751,1.0000000000000002,0.0,1.0
normal_0_1797.mat,64,12000.0,1.0,True,1.0,3.224407314501119,5.942571167820686,3.224407314501119,-0.17460456845053596,-0.08968708926441976,1.24280066958105,4.007295569464026,4.710214149570754,1.0,-1.474514954580286e-17,1.0
normal_0_1797.mat,65,12000.0,1.0,True,0.9999999999999998,3.316844693580214,6.15484472124748,3.3168446935802147,-0.1515514086248011,-0.0006065583902401077,1.245992262598041,4.132762824440318,4.867921529432682,0.9999999999999997,9.540979117872439e-18,0.9999999999999998
normal_0_1797.mat,66,12000.0,0.62,False,1.0,2.755675545351797,5.447440700629999,2.755675545351797,-0.3510752699820774,0.025373133860853384,1.2340900053985575,3.4007516486398726,3.9866721444434217,1.0000000000000002,-1.474514954580286e-17,1.0
normal_0_1797.mat,67,12000.0,1.0,True,0.9999999999999999,3.1940031111764817,6.322873116488706,3.194003111176482,-0.17643072071940802,0.05656825228156218,1.2436605717828428,3.9722557355219226,4.669797298638253,0.9999999999999998,1.3010426069826053e-17,0.9999999999999999
normal_0_1797.mat,68,12000.0,1.0,True,1.0,3.1593580428165873,6.22866780602935,3.1593580428165873,-0.01521340433787266,0.004534809477122988,1.259055943417369,3.9778085211916907,4.705730763489852,1.0000000000000002,1.734723475976807e-18,1.0
normal_0_1797.mat,69,12000.0,0.88,True,1.0,2.9919622321591333,5.960256837799925,2.9919622321591333,-0.33643525475105474,-0.026929169071300475,1.230361630450927,3.681195530206906,4.286575287706469,1.0000000000000002,-2.42861286636753e-17,1.0
normal_0_1797.mat,70,12000.0,1.0,True,1.0,3.4873341131301125,6.304367440088686,3.4873341131301125,-0.3155732821867421,-0.005404426959957427,1.227673955547013,4.28130926498048,4.980121342970254,1.0000000000000002,-6.938893903907228e-18,1.0
normal_0_1797.mat,71,12000.0,1.0,True,1.0,3.3009978109142066,6.233371616361087,3.3009978109142066,-0.10885235289825879,0.010548526965433777,1.2459719940270328,4.112950824743645,4.842505684984661,1.0000000000000002,2.0816681711721685e-17,1.0
normal_0_1797.mat,72,12000.0,1.0,True,0.9999999999999999,3.0625325795080895,6.035155685842434,3.06253257950809,-0.23698631270091353,0.0176026314953592,1.2394679661540895,3.7959110276035295,4.460587501757552,0.9999999999999999,8.673617379884035e-18,0.9999999999999999
normal_0_1797.mat,73,12000.0,1.0,True,1.0,3.391604272434195,6.297434368919545,3.391604272434195,-0.23603415664162197,-0.06118255023666144,1.2372010532787265,4.196096378160215,4.924311604537593,1.0,1.734723475976807e-17,1.0
normal_0_1797.mat,74,12000.0,1.0,True,1.0,3.3763152840157247,6.290519405262111,3.3763152840157247,-0.20668982995937535,-0.07214194512391316,1.2436103977904673,4.19882079342083,4.951322707888383,1.0000000000000002,1.734723475976807e-17,1.0
normal_0_1797.mat,75,12000.0,1.0,True,1.0,3.674424603321208,6.379672717923338,3.674424603321208,-0.2881661032772751,-0.04292973468241752,1.2401662327109493,4.556897317681287,5.382535641971745,1.0,-8.673617379884035e-19,1.0
normal_0_1797.mat,76,12000.0,1.0,True,0.9999999999999999,3.7030652271239224,6.439012226593283,3.703065227123923,-0.027394477624630653,-0.09437186999137738,1.253761999840393,4.6427624646983086,5.494609099228908,0.9999999999999999,1.3877787807814457e-17,0.9999999999999999
normal_0_1797.mat,77,12000.0,1.0,True,0.9999999999999999,3.4082327077673873,6.815737091127897,3.4082327077673877,-0.05738213714981111,-0.04244086987713962,1.2492060797969,4.257585019905672,5.014074142131683,0.9999999999999999,1.9081958235744878e-17,0.9999999999999999
normal_0_1797.mat,78,12000.0,1.0,True,0.9999999999999999,3.287825013259223,6.480396630260573,3.2878250132592233,-0.3228724765830435,-0.024063061608814988,1.2330907190294536,4.054186509642838,4.751280207861501,0.9999999999999998,1.3877787807814457e-17,0.9999999999999999
normal_0_1797.mat,79,12000.0,0.62,False,1.0,2.917486899019903,5.574763405630043,2.917486899019903,-0.3675672198589903,-0.04631299683061921,1.2318360529688104,3.593865546276892,4.204461570885704,1.0000000000000002,-1.0408340855860843e-17,1.0
normal_0_1797.mat,80,12000.0,0.5,False,1.0,2.838877648980626,5.514040369725563,2.838877648980626,-0.4005974188163526,-0.0759003207240962,1.2299959546816828,3.491808024082416,4.076121244145173,1.0,1.0408340855860843e-17,1.0
normal_0_1797.mat,81,12000.0,0.88,True,1.0,2.8056018420222846,5.497360241624126,2.8056018420222846,-0.38532194676806597,-0.052756418706666725,1.2328118946748092,3.4587793225666275,4.040118579899054,1.0,1.734723475976807e-18,1.0
normal_0_1797.mat,82,12000.0,1.0,True,1.0,3.3354338856073382,6.116338099543897,3.3354338856073382,-0.31790643890152026,-0.021432132674805527,1.2360095540552927,4.122628149530438,4.833189399959958,1.0,2.42861286636753e-17,1.0
normal_0_1797.mat,83,12000.0,1.0,True,0.9999999999999999,3.2879673580756825,6.29014456108086,3.287967358075683,-0.3658933827578066,-0.020883979383894483,1.229028267045278,4.041004824197197,4.724673045660674,0.9999999999999998,-1.3877787807814457e-17,0.9999999999999999
normal_0_1797.mat,84,12000.0,0.62,False,0.9999999999999999,2.929423517122801,5.7814088748415955,2.9294235171228014,-0.44667635121835625,0.018176553028637375,1.2229892115477392,3.58265335749542,4.167249596648776,0.9999999999999998,-1.734723475976807e-17,0.9999999999999999
normal_0_1797.mat,85,12000.0,1.0,True,1.0,3.045672146139539,6.028003611027717,3.045672146139539,-0.36255612304619866,-0.01708931652799249,1.2311088515575106,3.749553938054546,4.373224047538146,1.0,1.5612511283791264e-17,1.0
normal_0_1797.mat,86,12000.0,0.88,True,0.9999999999999999,3.124018196490055,6.0494981196218856,3.1240181964900553,-0.3960420518316896,-0.04974244234721795,1.2241609395451558,3.824301050571429,4.442316373821404,0.9999999999999999,-2.6020852139652106e-18,0.9999999999999999
normal_0_1797.mat,87,12000.0,0.75,True,1.0,3.360372021267235,6.184511535953679,3.360372021267235,-0.40024033619538457,-0.031638543509628456,1.2207708430056474,4.102244185214993,4.7622776386397545,1.0,1.474514954580286e-17,1.0
normal_0_1797.mat,88,12000.0,0.88,True,1.0,3.3126360449024883,6.142034795588486,3.3126360449024883,-0.3818488134742628,-0.021570652459781285,1.2276396385017776,4.066723316652049,4.748635990309218,1.0000000000000002,1.5612511283791264e-17,1.0
normal_0_1797.mat,89,12000.0,0.5,False,0.9999999999999999,2.8909433729701175,5.54782290975661,2.890943372970118,-0.3828422728285168,-0.0777903421282711,1.231173618852865,3.5592532143983275,4.15949398400559,0.9999999999999998,-4.336808689942018e-18,0.9999999999999999
normal_0_1797.mat,90,12000.0,0.88,True,0.9999999999999999,3.528957119014685,6.4690365048956116,3.5289571190146853,-0.2601711783531657,-0.0330019210501729,1.2357036680888533,4.3607452564947184,5.0939185089607255,0.9999999999999999,-1.0408340855860843e-17,0.9999999999999999
normal_0_1797.mat,91,12000.0,0.88,True,0.9999999999999999,3.4038419953258425,6.15840475055308,3.403841995325843,-0.17000381271120624,0.05150137268674947,1.2473595391971075,4.245814782789406,4.99926338342887,0.9999999999999999,3.469446951953614e-18,0.9999999999999999
normal_0_1797.mat,92,12000.0,0.75,True,1.0,2.903623821822872,5.566013334724632,2.903623821822872,-0.39528887222291464,0.002976329750385146,1.2326592109040706,3.5791786489704434,4.194124055623842,1.0000000000000002,2.168404344971009e-18,1.0
normal_0_1797.mat,93,12000.0,0.75,True,1.0,3.1196174303658046,6.187019878318214,3.1196174303658046,-0.38726122561538556,-0.01004662192163867,1.226218972588089,3.8253340803310514,4.459561621153955,1.0,-2.7755575615628914e-17,1.0
normal_0_1797.mat,94,12000.0,1.0,True,1.0,3.2230277091654345,6.396925532093098,3.2230277091654345,-0.2912447826171687,0.006434952130583014,1.2363026351573805,3.9846376500264817,4.669137765595437,1.0,2.168404344971009e-17,1.0
normal_0_1797.mat,95,12000.0,0.88,True,0.9999999999999999,3.4736947317286906,6.554883087719962,3.473694731728691,-0.30499404063257884,-0.011369135282286488,1.2350971813425256,4.290350572002487,5.038822895593163,0.9999999999999999,8.673617379884035e-18,0.9999999999999999
normal_0_1797.mat,96,12000.0,0.88,True,0.9999999999999999,3.5658422191576467,6.722549952503966,3.565842219157647,-0.15629389658662785,-0.042943566980306574,1.2414834317000845,4.426934035140881,5.2149895232654835,0.9999999999999999,-6.938893903907228e-18,0.9999999999999999
normal_0_1797.mat,97,12000.0,1.0,True,1.0,3.1363800912541513,6.12299962278486,3.1363800912541513,-0.36838717296974544,-0.0374452553950269,1.2328605595689892,3.8667193143246306,4.53509152287152,1.0,-5.204170427930421e-18,1.0
normal_0_1797.mat,98,12000.0,0.62,False,1.0,2.94837958319198,5.472932767997223,2.94837958319198,-0.3473726125520926,-0.0916411390785728,1.236724345584128,3.646332810556706,4.283010996448781,1.0,1.0408340855860843e-17,1.0
normal_0_1797.mat,99,12000.0,0.5,False,1.0,2.9107984153920574,5.44684531157827,2.9107984153920574,-0.3141484304356794,-0.10273528664430981,1.2375929023726477,3.6023834591267603,4.238881907414121,1.0000000000000002,1.3877787807814457e-17,1.0
normal_0_1797.mat,100,12000.0,1.0,True,1.0,2.84803161891586,5.68719348890636,2.84803161891586,-0.3736738657039185,-0.04944690932427203,1.2337231192229732,3.513682452534529,4.131412959115295,1.0,3.0357660829594124e-17,1.0
normal_0_1797.mat,101,12000.0,0.88,True,1.0,2.9120387488989405,5.816902992950689,2.9120387488989405,-0.3628090165150981,0.005994719033500927,1.2265745578789526,3.571832640957096,4.161240275864348,1.0000000000000002,2.0816681711721685e-17,1.0
normal_0_1797.mat,102,12000.0,0.75,True,1.0,3.2412811287461816,6.031892229449602,3.2412811287461816,-0.4075094852847365,-0.011358506475132701,1.2215213511040097,3.9592941036939657,4.594228863553474,1.0,3.9898639947466563e-17,1.0
normal_0_1797.mat,103,12000.0,1.0,True,1.0,3.240483268293317,6.02635006336919,3.240483268293317,-0.2936515941282609,-0.0064595539526781445,1.2365466069790887,4.007008590380609,4.689927757594397,1.0000000000000002,-5.204170427930421e-18,1.0
normal_0_1797.mat,104,12000.0,1.0,True,1.0,2.97790049004529,5.845310062108837,2.97790049004529,-0.3241424095967891,-0.04280370064691767,1.2277033424832593,3.6559783852111387,4.2475019028830205,1.0,-1.1275702593849246e-17,1.0
normal_0_1797.mat,105,12000.0,0.75,True,1.0,2.9735522178062173,5.817170422318393,2.9735522178062173,-0.4153012771104887,-0.1002633837077748,1.2210438746357903,3.6308377214619507,4.211103992665951,1.0000000000000002,1.3010426069826053e-17,1.0
normal_0_1797.mat,106,12000.0,1.0,True,1.0,3.1590565653778566,6.106728979743714,3.1590565653778566,-0.3268907565128103,0.05447055878866612,1.2295454168629039,3.88420352157101,4.533337660818352,1.0,-6.938893903907228e-18,1.0
normal_0_1797.mat,107,12000.0,1.0,True,0.9999999999999999,3.095123846821854,6.028009470017077,3.0951238468218545,-0.2785404080852487,0.06625787346316779,1.2331891789546943,3.8168732354253376,4.465035174419068,0.9999999999999998,1.0408340855860843e-17,0.9999999999999999
normal_0_1797.mat,108,12000.0,1.0,True,0.9999999999999999,2.9924563291086947,5.941301787452589,2.992456329108695,-0.2404245649354162,-0.09656890252052491,1.240718859131212,3.7127970026517145,4.368289568554289,0.9999999999999998,1.734723475976807e-17,0.9999999999999999
normal_0_1797.mat,109,12000.0,1.0,True,1.0,3.204099755666517,6.023653523282757,3.204099755666517,-0.2527091853740959,-0.01586609412193464,1.2367641522516983,3.962715718046774,4.6572009894959026,1.0,-3.903127820947816e-17,1.0
normal_0_1797.mat,110,12000.0,1.0,True,1.0,3.2049904245426113,6.123203733495582,3.2049904245426113,-0.1801485988392333,0.04562926690878947,1.2375299996402394,3.966271798931188,4.642589870591656,1.0,1.734723475976807e-17,1.0
normal_0_1797.mat,111,12000.0,1.0,True,0.9999999999999999,3.4366911130095263,6.706430036010428,3.436691113009527,-0.013745130631024782,0.026615646004047068,1.2512625736173348,4.300202966792123,5.065584700310204,0.9999999999999999,1.3877787807814457e-17,0.9999999999999999
normal_0_1797.mat,112,12000.0,1.0,True,1.0,3.4657086307842366,6.771913789713178,3.4657086307842366,-0.011884473832396658,0.08325189165659136,1.2491783421122447,4.32928816164715,5.0876154537551495,1.0,2.0816681711721685e-17,1.0
normal_0_1797.mat,113,12000.0,1.0,True,1.0,3.2789098857618426,6.263474195542706,3.2789098857618426,-0.1601285276972768,-0.008380600149278467,1.2417712401751837,4.071655995265154,4.776030038570225,1.0,6.938893903907228e-18,1.0
normal_0_1797.mat,114,12000.0,1.0,True,0.9999999999999999,3.1716196236414507,6.302160159076813,3.171619623641451,-0.16880765372512885,-0.053030206402298885,1.23712995206611,3.9237056329674824,4.585724983777688,0.9999999999999999,1.9949319973733282e-17,0.9999999999999999
normal_0_1797.mat,115,12000.0,1.0,True,1.0,3.1270072693572044,6.2166831955414965,3.1270072693572044,-0.14603677891310518,-0.10221276090321309,1.2414137808041592,3.881909916854817,4.543258946796358,1.0,9.540979117872439e-18,1.0
normal_0_1797.mat,116,12000.0,0.88,True,0.9999999999999999,3.1200375324788134,6.114692407389562,3.120037532478814,-0.18698785234803017,-0.12437821051628199,1.245321982194128,3.8854513244665925,4.577906555005784,0.9999999999999998,1.9081958235744878e-17,0.9999999999999999
normal_0_1797.mat,117,12000.0,0.88,True,1.0,3.1427080480027367,6.139620524404038,3.1427080480027367,-0.30850195685538884,-0.06459108884062112,1.2301393191449541,3.8659687384414543,4.512772086032511,1.0,9.540979117872439e-18,1.0
normal_0_1797.mat,118,12000.0,1.0,True,0.9999999999999998,3.4549475444372666,6.2485452014004395,3.4549475444372675,-0.1576526543367045,-0.05287715292494431,1.2382713778487229,4.278162656245397,5.003208844720012,0.9999999999999997,1.3010426069826053e-17,0.9999999999999998
normal_0_1797.mat,119,12000.0,1.0,True,1.0,3.3825555509211815,6.503411698989563,3.3825555509211815,0.01294689840891472,-0.0012871323441948218,1.2609465399659467,4.2652217181766705,5.0508328634301884,1.0,-8.673617379884035e-19,1.0
normal_0_1797.mat,120,12000.0,1.0,True,1.0,3.2976699095371846,6.418107787496642,3.2976699095371846,-0.1336354126831889,-0.023653582537253977,1.2487772329714342,4.118055104885005,4.8413584236683285,1.0,1.9949319973733282e-17,1.0
normal_0_1797.mat,121,12000.0,1.0,True,1.0,3.33267422584143,6.1433222670736685,3.33267422584143,-0.24594902260697094,-0.03824284332552129,1.230366687104927,4.100411346448498,4.768020030134717,1.0000000000000002,1.9081958235744878e-17,1.0
normal_0_1797.mat,122,12000.0,0.62,False,0.9999999999999999,3.0858493764434836,5.779482257453383,3.085849376443484,-0.23657744037553652,-0.04155177748718393,1.2400723391296629,3.8266764544480827,4.490217882489662,0.9999999999999999,6.938893903907228e-18,0.9999999999999999
normal_0_1797.mat,123,12000.0,0.5,False,1.0,3.0201535313691963,5.6517119914555245,3.0201535313691963,-0.36121630603073207,-0.10404051251867456,1.2371384792277575,3.7363481468324293,4.399217927362529,1.0,-3.469446951953614e-18,1.0
normal_0_1797.mat,124,12000.0,0.38,False,1.0,2.748819015304386,5.349157393144214,2.748819015304386,-0.5603071147643583,-0.08872296535799473,1.2132514503630534,3.3350086571035864,3.870784509631716,1.0,3.469446951953614e-18,1.0
normal_0_1797.mat,125,12000.0,0.38,False,0.9999999999999999,3.100155590606374,5.819982284724579,3.1001555906063745,-0.4727295889736922,-0.040574812917003794,1.2148828423935716,3.7663258357781935,4.364291023794102,0.9999999999999998,-2.42861286636753e-17,0.9999999999999999
normal_0_1797.mat,126,12000.0,0.5,False,0.9999999999999999,2.965243240500274,5.577718634669045,2.9652432405002744,-0.44563321868567396,0.030465435573570183,1.2206322419767515,3.6194715046582573,4.200849789829667,0.9999999999999998,2.6237692574149207e-17,0.9999999999999999
normal_0_1797.mat,127,12000.0,0.75,True,1.0,3.1032661223536984,5.812821416160718,3.1032661223536984,-0.3922840623354631,0.027325186843113712,1.2300168620439975,3.81706965790494,4.4567875925616125,1.0,9.107298248878237e-18,1.0
normal_0_1797.mat,128,12000.0,1.0,True,1.0,3.222345305525225,6.251631734416739,3.222345305525225,-0.2740652260197698,-0.000948666797939101,1.2426292124824547,4.004180409351346,4.715002660909673,1.0,6.5052130349130266e-18,1.0
normal_0_1797.mat,129,12000.0,0.88,True,1.0,2.952049770957744,5.7505574782039695,2.952049770957744,-0.44352678165610593,-0.05881206361088128,1.2298259089112737,3.6305072927194253,4.249137632428638,1.0000000000000002,-1.9949319973733282e-17,1.0
normal_0_1797.mat,130,12000.0,0.38,False,0.9999999999999999,2.8755442426917734,5.331730827152776,2.875544242691774,-0.4828432035407788,-0.05202931191451562,1.223886009328967,3.5193383678369217,4.108391641044433,0.9999999999999999,-1.9949319973733282e-17,0.9999999999999999
normal_0_1797.mat,131,12000.0,0.38,False,1.0,2.775442523288449,5.2535301428668895,2.775442523288449,-0.5286964650455044,-0.038321588457252705,1.2208972472224033,3.3885301365068687,3.9467705443613523,1.0000000000000002,-1.5612511283791264e-17,1.0
normal_0_1797.mat,132,12000.0,0.38,False,1.0,2.873633352933131,5.389502948711312,2.873633352933131,-0.46818260948600265,-0.09450492155385438,1.2235320968059036,3.515982641765653,4.094968693420071,1.0,1.734723475976807e-17,1.0
normal_0_1797.mat,133,12000.0,1.0,True,0.9999999999999999,2.9156133094724344,5.75589475529919,2.915613309472435,-0.37886327426921707,-0.01677135272700385,1.229543946228665,3.5848746942055554,4.188074610934619,0.9999999999999999,-5.204170427930421e-18,0.9999999999999999
normal_0_1797.mat,134,12000.0,1.0,True,1.0,3.56002343758827,6.449206527838391,3.56002343758827,-0.3024555266115385,-0.08052329955672292,1.2361316534033897,4.400657658060807,5.168072873046938,1.0,4.7704895589362195e-18,1.0
normal_0_1797.mat,135,12000.0,0.75,True,0.9999999999999998,3.661342795523778,6.463567184372418,3.6613427955237787,-0.3111887652616492,-0.1641160464376408,1.2309590196099538,4.506962938033918,5.266430082925415,0.9999999999999997,1.431146867680866e-17,0.9999999999999998
normal_0_1797.mat,136,12000.0,0.88,True,1.0,3.2465046793668018,6.297341496777392,3.2465046793668018,-0.29768487161253,-0.029086023897012044,1.237756103181451,4.018380980893398,4.7190589363832345,1.0,1.3877787807814457e-17,1.0
normal_0_1797.mat,137,12000.0,0.88,True,1.0,3.2274192743096353,6.265049702913387,3.2274192743096353,-0.2629635611857255,0.0009808078988472607,1.2440499488321866,4.015070783064915,4.739051693005621,1.0,3.5561831257524545e-17,1.0
normal_0_1797.mat,138,12000.0,0.38,False,0.9999999999999999,2.8721585744964964,5.586419348735074,2.872158574496497,-0.4266808520857901,-0.0947394378223167,1.2247841909062855,3.517774415819242,4.100558531650259,0.9999999999999999,-5.204170427930421e-18,0.9999999999999999
normal_0_1797.mat,139,12000.0,0.38,False,1.0,2.9676089756170243,5.58379488992302,2.9676089756170243,-0.4491589678118162,-0.0937510777140925,1.224305105964505,3.6332588213540173,4.237513023078889,1.0000000000000002,1.3010426069826053e-17,1.0
normal_0_1797.mat,140,12000.0,0.75,True,1.0,3.2199310592749177,6.106567171238778,3.2199310592749177,-0.3562223145345502,-0.011520020142203177,1.2302847795938425,3.96143217356741,4.624580769198745,1.0,-2.0816681711721685e-17,1.0
normal_0_1797.mat,141,12000.0,0.75,True,0.9999999999999999,3.290019047995613,6.238208580240276,3.2900190479956133,-0.25248653463188253,-0.05227768318330586,1.2368245315649213,4.069176267876843,4.75849256286845,0.9999999999999999,-2.42861286636753e-17,0.9999999999999999
normal_0_1797.mat,142,12000.0,0.75,True,1.0,2.977509208181326,5.776931096895339,2.977509208181326,-0.36946230050080864,-0.07536124243697098,1.2265541605266683,3.6520763073012708,4.2526278201079055,1.0,4.336808689942018e-18,1.0
normal_0_1797.mat,143,12000.0,0.75,True,1.0,2.9519740178929346,5.831176860511976,2.9519740178929346,-0.3771545852558895,-0.058876356719267914,1.2302749483759792,3.631739682470462,4.244814295553634,1.0,2.2551405187698492e-17,1.0
normal_0_1797.mat,144,12000.0,0.75,True,1.0,3.2721351110973287,5.780268881355292,3.2721351110973287,-0.3520502004605124,-0.12051850705114919,1.2351336545489562,4.041524197947598,4.738717917003606,1.0,2.2551405187698492e-17,1.0
normal_0_1797.mat,145,12000.0,0.75,True,1.0,3.321851613657019,5.78100748418709,3.321851613657019,-0.44593774534537545,-0.09119416719367972,1.2223681310710541,4.060525548681296,4.726574158978481,1.0,-1.734723475976807e-17,1.0
normal_0_1797.mat,146,12000.0,1.0,True,1.0,3.1399326285267053,6.182268891439616,3.1399326285267053,-0.28355763297682834,-0.07234598846109215,1.234967163692383,3.8777136924367936,4.540448043765434,1.0,1.0408340855860843e-17,1.0
normal_0_1797.mat,147,12000.0,0.62,False,0.9999999999999999,3.107789088645256,6.108882259640768,3.1077890886452564,-0.3170994650515908,-0.13745011312242972,1.236923768094883,3.844098189971253,4.512482401710498,0.9999999999999998,1.474514954580286e-17,0.9999999999999999
normal_0_1797.mat,148,12000.0,1.0,True,0.9999999999999999,2.98333052995269,5.742740434104023,2.9833305299526907,-0.35575293160713617,-0.03856540974054484,1.24041963594506,3.7005817698677,4.360365173697251,0.9999999999999999,-2.42861286636753e-17,0.9999999999999999
normal_0_1797.mat,149,12000.0,1.0,True,0.9999999999999999,3.0237590462105848,5.951854992312813,3.023759046210585,-0.2459037868034608,0.0366714283828977,1.242717721701907,3.7576789528823493,4.428089973682525,0.9999999999999998,-1.734723475976807e-17,0.9999999999999999
normal_0_1797.mat,150,12000.0,1.0,True,1.0,3.0681012580962443,6.091545695809507,3.0681012580962443,-0.21838834459811007,-0.03681028537527629,1.2411485573738033,3.8079694503629047,4.4852108267456545,1.0,5.204170427930421e-18,1.0
normal_0_1797.mat,151,12000.0,1.0,True,1.0,3.124173410494648,6.053240971342259,3.124173410494648,-0.2531508127742592,-0.020090336166463784,1.2432325164586067,3.8840739709823286,4.577512096706312,1.0,3.469446951953614e-18,1.0
normal_0_1797.mat,152,12000.0,1.0,True,0.9999999999999999,3.050968377317782,6.062171312862557,3.0509683773177825,-0.3286741467099352,0.018677493203467187,1.2371229435916533,3.774422979752425,4.431870924460439,0.9999999999999998,-1.0408340855860843e-17,0.9999999999999999
normal_0_1797.mat,153,12000.0,1.0,True,0.9999999999999999,3.036281245834036,6.042381223065901,3.0362812458340365,-0.08968862754283169,0.034764116615797494,1.2465028404249645,3.784733197261176,4.44280144558159,0.9999999999999999,-6.938893903907228e-18,0.9999999999999999
normal_0_1797.mat,154,12000.0,1.0,True,1.0000000000000002,3.0749590047375674,6.113159601182244,3.0749590047375666,-0.07452118328465662,0.021329520506656995,1.2483812140348567,3.8387210554416984,4.506744107751951,1.0000000000000004,3.642919299551295e-17,1.0000000000000002
normal_0_1797.mat,155,12000.0,0.88,True,1.0,3.1355743122381807,6.118387904705668,3.1355743122381807,-0.11915183720161071,-0.11466916432177168,1.2508077552629637,3.9220006669508503,4.622349190910313,1.0000000000000002,1.5612511283791264e-17,1.0
normal_0_1797.mat,156,12000.0,0.88,True,1.0,3.1574901048098156,6.153918409667724,3.1574901048098156,-0.06295229044818651,-0.1189706046195595,1.2523087391592247,3.9541524520621083,4.66088242857266,1.0000000000000002,1.214306433183765e-17,1.0
normal_0_1797.mat,157,12000.0,0.88,True,1.0,3.167009118694242,6.205174888372818,3.167009118694242,-0.08829332161622627,-0.08784215854244397,1.2476663445767386,3.951370690362444,4.63912918840888,1.0,3.5128150388530344e-17,1.0
normal_0_1797.mat,158,12000.0,1.0,True,1.0,3.3121378469946423,6.538457889607143,3.3121378469946423,-0.02222289140010414,-0.08261830994945696,1.2532698750501527,4.151002585651858,4.8977592935336425,1.0,-3.469446951953614e-18,1.0
normal_0_1797.mat,159,12000.0,1.0,True,1.0,3.4735406388270573,6.6437156202811725,3.4735406388270573,0.008012225970892572,0.0626275513957187,1.256362551830781,4.364026380884683,5.163339524232559,1.0,1.214306433183765e-17,1.0
normal_0_1797.mat,160,12000.0,1.0,True,0.9999999999999999,3.1288425932189052,6.226086887686373,3.1288425932189057,-0.08299129379113523,-0.03126862704083053,1.2599437551322443,3.9421656861179373,4.677520733579901,0.9999999999999999,1.1709383462843448e-17,0.9999999999999999
normal_0_1797.mat,161,12000.0,0.75,True,0.9999999999999999,3.03545429266813,5.906676821766222,3.0354542926681303,-0.169771669871154,-0.12250423484927367,1.2522598648535626,3.801177582305759,4.496097949175812,0.9999999999999999,1.474514954580286e-17,0.9999999999999999
normal_0_1797.mat,162,12000.0,0.62,False,1.0,3.0769423952130803,5.757661668270011,3.0769423952130803,-0.28427102292466744,-0.07145761392161848,1.2345426769946775,3.7986167015447707,4.437946129218365,1.0,1.1275702593849246e-17,1.0
normal_0_1797.mat,163,12000.0,0.62,False,1.0,2.7436011544657433,5.459445468472584,2.7436011544657433,-0.35598360718250843,-0.06978095279282662,1.231917837806258,3.379891202012192,3.945582939169945,1.0,1.734723475976807e-18,1.0
normal_0_1797.mat,164,12000.0,1.0,True,1.0,3.272367589886369,6.075103877375362,3.272367589886369,-0.2597289489845034,-0.06973589180029326,1.2381405461468997,4.051650994935323,4.748120977177282,1.0,1.6046192152785466e-17,1.0
normal_0_1797.mat,165,12000.0,0.88,True,0.9999999999999999,3.0845914329078203,6.114906109460119,3.084591432907821,-0.21158481897064307,-0.06229545563665849,1.242243343021506,3.831813173470909,4.499993536101335,0.9999999999999999,-2.0383000842727483e-17,0.9999999999999999
normal_0_1797.mat,166,12000.0,0.88,True,1.0,3.023194515352229,5.9823836703725,3.023194515352229,-0.17960423323368913,-0.017155314489258514,1.2498155221104557,3.778435431646412,4.467290748124941,1.0,-4.336808689942018e-17,1.0
normal_0_1797.mat,167,12000.0,1.0,True,1.0,3.1624281081710737,5.842797427125621,3.1624281081710737,-0.20871640234195876,-0.009838206646239085,1.240982207470653,3.9245170146453794,4.602654531922917,1.0,4.336808689942018e-18,1.0
normal_0_1797.mat,168,12000.0,0.88,True,0.9999999999999999,3.2676096138944373,6.048309503313147,3.2676096138944377,-0.35463748496371483,-0.010539409947579244,1.2254342170438,4.004240628807524,4.652250633989254,0.9999999999999998,1.3010426069826053e-17,0.9999999999999999
normal_0_1797.mat,169,12000.0,1.0,True,1.0,3.8355642927491798,6.898067871777089,3.8355642927491798,-0.02373627919011323,0.014837024233799043,1.2482244759024317,4.787645229106927,5.635596380240489,1.0,1.3877787807814457e-17,1.0
normal_0_1797.mat,170,12000.0,1.0,True,1.0,3.8381597380763965,6.901944195023718,3.8381597380763965,0.11832611516735447,-0.04041870256472904,1.2586508091848345,4.830902860110509,5.706317829235764,1.0,7.806255641895632e-18,1.0
normal_0_1797.mat,171,12000.0,1.0,True,1.0,3.1344954917903336,6.089223493135778,3.1344954917903336,-0.303531793734527,-0.03166915993328341,1.2322544232382147,3.8624959343788814,4.508026860732069,1.0,4.336808689942018e-19,1.0
normal_0_1797.mat,172,12000.0,1.0,True,0.9999999999999999,3.1505785302564036,6.127612774813962,3.150578530256404,-0.26587468670445213,-0.028783352842155097,1.2351178575466588,3.8913358043227904,4.561712215100124,0.9999999999999998,-8.456776945386935e-18,0.9999999999999999
normal_0_1797.mat,173,12000.0,0.88,True,0.9999999999999999,3.1961253513883254,6.291738548582028,3.196125351388326,-0.03988512931469135,-0.12361162030106658,1.250870825363138,3.997939956255165,4.715894547485172,0.9999999999999998,4.336808689942018e-18,0.9999999999999999
normal_0_1797.mat,174,12000.0,0.88,True,1.0,2.956514766241969,5.875436479949181,2.956514766241969,-0.2744541235438085,-0.09720629061018043,1.2413836965063547,3.670169229293076,4.306530066371399,1.0,-2.42861286636753e-17,1.0
normal_0_1797.mat,175,12000.0,1.0,True,0.9999999999999999,2.8682397893290634,5.608047231454822,2.868239789329064,-0.3510083155345418,-0.05503274098327497,1.240789342313902,3.558881361800174,4.183338239946136,0.9999999999999998,-3.469446951953614e-18,0.9999999999999999
normal_0_1797.mat,176,12000.0,0.88,True,1.0,3.682760152638058,6.511650915004202,3.682760152638058,-0.15789586109963372,-0.13229129361498584,1.2478603462324558,4.595570359162019,5.417931378008117,1.0,0.0,1.0
normal_0_1797.mat,177,12000.0,0.88,True,0.9999999999999999,3.5754794908435303,6.330779652980193,3.575479490843531,-0.17750416587195783,-0.11763317469997456,1.2487415865956784,4.464849932236259,5.269494436028791,0.9999999999999999,8.673617379884035e-19,0.9999999999999999
normal_0_1797.mat,178,12000.0,0.75,True,1.0,2.854356592769152,5.649604066832163,2.854356592769152,-0.2923510185318685,-0.0924485979999833,1.2388260431435765,3.53605128354099,4.1435408021720175,1.0,-2.7755575615628914e-17,1.0
normal_0_1797.mat,179,12000.0,0.75,True,0.9999999999999999,3.888952740472987,7.085058190017479,3.8889527404729876,-0.02927286970863552,-0.1990064779672807,1.24416777140594,4.8385096642173,5.672557775249396,0.9999999999999998,2.6020852139652106e-17,0.9999999999999999
normal_0_1797.mat,180,12000.0,0.62,False,1.0,3.6741584827296823,6.652972355938401,3.6741584827296823,-0.04779181175890823,-0.12902747278068116,1.2483480898400108,4.586628723685071,5.388968622087976,1.0,-3.122502256758253e-17,1.0
normal_0_1797.mat,181,12000.0,0.62,False,1.0,2.8540881388327817,5.63366282728887,2.8540881388327817,-0.32798464147242035,-0.08070974184184011,1.2386342953412464,3.5351714506849516,4.1472131355375685,1.0,1.474514954580286e-17,1.0
normal_0_1797.mat,182,12000.0,0.5,False,1.0,3.0443436552087695,5.793994682930532,3.0443436552087695,-0.3041190495981301,-0.18059853377777596,1.237500478224083,3.767376729199305,4.419293317715204,1.0,2.3852447794681098e-17,1.0
normal_0_1797.mat,183,12000.0,1.0,True,1.0,3.3390002943200052,6.592662240958246,3.3390002943200052,-0.10153859893550177,-0.08977659169296393,1.2460473090307382,4.160552331590286,4.890948741177357,1.0,-3.469446951953614e-18,1.0
normal_0_1797.mat,184,12000.0,0.88,True,1.0,3.2914582139256963,6.505797217973035,3.2914582139256963,-0.09059784311722474,-0.06429321967110166,1.2491971032036353,4.1116800661517905,4.840787245543656,1.0000000000000002,4.336808689942018e-18,1.0
normal_0_1797.mat,185,12000.0,1.0,True,1.0,3.0470572574011863,5.825326500210146,3.0470572574011863,-0.2749229424097308,-0.07522334312878876,1.239488960714903,3.7767938332149993,4.42805827475162,1.0,4.336808689942018e-18,1.0
normal_0_1797.mat,186,12000.0,1.0,True,1.0,2.868493393992962,5.686131609212916,2.868493393992962,-0.2608337489630044,-0.03781818989326079,1.2447089984856337,3.570439539599636,4.200660899519797,1.0,1.734723475976807e-18,1.0
normal_0_1797.mat,187,12000.0,1.0,True,0.9999999999999999,3.3165844848782626,6.167908025594125,3.316584484878263,-0.2529847794629898,-0.04799834533570181,1.2378891445853841,4.105563930931109,4.814612105942463,0.9999999999999999,-1.431146867680866e-17,0.9999999999999999
normal_0_1797.mat,188,12000.0,0.88,True,1.0,3.301142089674455,6.104995045101498,3.301142089674455,-0.37607884969406324,-0.03291105849085421,1.2276239853746107,4.0525612084140255,4.730217887916427,1.0,-5.204170427930421e-18,1.0
normal_0_1797.mat,189,12000.0,1.0,True,1.0,3.217371726422224,5.812837975038661,3.217371726422224,-0.3567177579973726,-0.09683296610204303,1.227822412586088,3.950361115322002,4.59951896834221,1.0,3.122502256758253e-17,1.0
normal_0_1797.mat,190,12000.0,0.88,True,1.0,3.16530928862737,5.802261329269771,3.16530928862737,-0.2846798631556835,-0.1143487147381386,1.233847699188845,3.9055095829939606,4.557045669763386,1.0,-2.0816681711721685e-17,1.0
normal_0_1797.mat,191,12000.0,1.0,True,1.0,3.168418288951881,6.278198555537589,3.168418288951881,-0.2849400407638907,0.001760872461724676,1.236238274317695,3.9169199578504967,4.581688067956268,1.0,2.3418766925686896e-17,1.0
normal_0_1797.mat,192,12000.0,0.88,True,0.9999999999999999,3.2399263447205136,6.220133022182921,3.239926344720514,-0.27004747115057803,-0.019363521806309666,1.2315829179809081,3.9902379416741085,4.654160381728528,0.9999999999999998,-8.673617379884035e-18,0.9999999999999999
normal_0_1797.mat,193,12000.0,0.88,True,1.0,3.2583643190435714,6.281476564145387,3.2583643190435714,-0.2856775181137037,-0.036494190942915214,1.2356133749055325,4.026078532925194,4.720798437490136,1.0,-5.204170427930421e-18,1.0
normal_0_1797.mat,194,12000.0,0.75,True,1.0,2.9736717743428986,5.79930090858395,2.9736717743428986,-0.46111000072195996,0.04210651102420259,1.2253055914673128,3.643656652290879,4.254028942928561,1.0,1.0408340855860843e-17,1.0
normal_0_1797.mat,195,12000.0,0.25,False,1.0,2.9861061025541553,5.565288366122598,2.9861061025541553,-0.4488937806588398,-0.0037377463500611486,1.220445167828289,3.644378763484784,4.2205119075923685,1.0,-2.7755575615628914e-17,1.0
normal_0_1797.mat,196,12000.0,1.0,True,1.0,3.255309343259034,6.2873272408605585,3.255309343259034,-0.3066161611529181,-0.022460203637678852,1.23317154021028,4.014354836687659,4.6930668388683285,1.0,-3.122502256758253e-17,1.0
normal_0_1797.mat,197,12000.0,1.0,True,0.9999999999999999,3.358965132139432,6.008758728231292,3.3589651321394323,-0.2843712676729728,0.0004000128877871753,1.2377625046060232,4.157601094841206,4.8998243798941,0.9999999999999999,2.6020852139652106e-17,0.9999999999999999
normal_0_1797.mat,198,12000.0,1.0,True,1.0,3.34697977769916,6.276043914329075,3.34697977769916,-0.2899003821127386,0.03598319523729339,1.2377960107615251,4.142878216935516,4.875927382320664,1.0,6.938893903907228e-18,1.0
normal_0_1797.mat,199,12000.0,0.88,True,1.0,3.0167387559083263,5.90222627129193,3.0167387559083263,-0.2413695505602993,0.04168327541579023,1.2364113012831837,3.7299298908240264,4.368295789673915,1.0,4.336808689942018e-17,1.0
normal_0_1797.mat,200,12000.0,0.88,True,1.0,3.0175991268609037,5.971527405094921,3.0175991268609037,-0.3049905367996315,-0.02194452275076772,1.233732270855987,3.722909423315146,4.361812448117613,1.0,1.474514954580286e-17,1.0
normal_0_1797.mat,201,12000.0,0.88,True,1.0,3.1139198489228717,6.037248884091397,3.1139198489228717,-0.3660734818872875,-0.008177911550198966,1.2397019336589603,3.8603324579687017,4.558107183691635,1.0000000000000002,-2.949029909160572e-17,1.0
normal_0_1797.mat,202,12000.0,1.0,True,0.9999999999999998,3.108325385748495,5.975769407993289,3.108325385748496,-0.32832713479019926,0.0017680972934053935,1.2356205816547956,3.8407108211109238,4.501425560067599,0.9999999999999997,-2.168404344971009e-17,0.9999999999999998
normal_0_1797.mat,203,12000.0,0.75,True,1.0,3.028162512455604,5.867623852348563,3.028162512455604,-0.4236949657432314,0.00802360979438653,1.2254367396007277,3.7108215962447435,4.320837848253371,1.0000000000000002,3.469446951953614e-18,1.0
normal_0_1797.mat,204,12000.0,1.0,True,1.0,3.057514404028213,5.85162454154835,3.057514404028213,-0.375229853184301,0.062412087245586084,1.228194559638341,3.7552225570433158,4.374874319355043,1.0000000000000002,1.9081958235744878e-17,1.0
normal_0_1797.mat,205,12000.0,1.0,True,1.0,3.1673053171551775,5.998118439000115,3.1673053171551775,-0.20833236769823982,0.0025421401066440946,1.2319409830000794,3.9019332258775274,4.544252703658289,1.0,-3.469446951953614e-18,1.0
normal_0_1797.mat,206,12000.0,1.0,True,0.9999999999999999,3.218736802642834,6.075791381871482,3.2187368026428342,-0.21426745929837132,0.04141067324285579,1.238106187961398,3.985137952771178,4.674195129471417,0.9999999999999998,-4.423544863740858e-17,0.9999999999999999
normal_0_1797.mat,207,12000.0,1.0,True,1.0,2.980365836103687,5.821168946455085,2.980365836103687,-0.26890033221736775,0.023268141584017313,1.241234345898117,3.6993324391132543,4.35386208831503,1.0,-2.905661822261152e-17,1.0
normal_0_1797.mat,208,12000.0,1.0,True,1.0,3.2422596008769977,6.252604075118981,3.2422596008769977,-0.21483470410764305,-0.03302389384253936,1.2389575200033267,4.017021914309541,4.712628357479022,1.0,1.8214596497756474e-17,1.0
normal_0_1797.mat,209,12000.0,1.0,True,0.9999999999999999,3.1491976333496714,6.081377572689037,3.149197633349672,-0.19324006020037388,0.053017578985206315,1.237905242453481,3.898408259845654,4.564485575119341,0.9999999999999998,1.1275702593849246e-17,0.9999999999999999
normal_0_1797.mat,210,12000.0,1.0,True,0.9999999999999998,3.2205241842694545,6.282484235300254,3.2205241842694554,-0.19138618142607955,0.043791561346888705,1.2433857278061906,4.004353806775315,4.7159329346682,0.9999999999999997,1.2576745200831851e-17,0.9999999999999998
normal_0_1797.mat,211,12000.0,1.0,True,0.9999999999999999,3.1063035558714316,6.053033927853005,3.106303555871432,-0.28462382433204514,0.023271159926433152,1.238663367384038,3.847664422632719,4.5196509633462245,0.9999999999999998,1.3010426069826053e-17,0.9999999999999999
normal_0_1797.mat,212,12000.0,1.0,True,0.9999999999999999,3.1028451062208853,6.0789653542369475,3.1028451062208857,-0.2739050394013587,0.03065998085765751,1.2332887227183322,3.826703877843984,4.479889988492522,0.9999999999999999,3.382710778154774e-17,0.9999999999999999
normal_0_1797.mat,213,12000.0,1.0,True,1.0,3.2173544127646245,6.328900645791997,3.2173544127646245,-0.20353404639107753,0.010822115244476323,1.2374731889050543,3.9813898250015884,4.679162880081259,1.0000000000000002,-1.9949319973733282e-17,1.0
normal_0_1797.mat,214,12000.0,1.0,True,1.0,3.0136155615805045,5.832191168712383,3.0136155615805045,-0.29989919723471825,0.04924184512962926,1.2351497943243184,3.722266641058725,4.353549494874037,1.0,0.0,1.0
normal_0_1797.mat,215,12000.0,0.75,True,0.9999999999999999,3.3595905192177242,6.277824408474817,3.3595905192177247,-0.11869774705688574,0.10299887848442651,1.2468514255721896,4.188910228225432,4.92174290541659,0.9999999999999998,-1.0408340855860843e-17,0.9999999999999999
normal_0_1797.mat,216,12000.0,0.88,True,1.0,3.3780458321978455,6.725214510795134,3.3780458321978455,-0.055628571887579525,-0.015938654752502023,1.2504345171059423,4.224025108946054,4.981718504159745,1.0,-2.3418766925686896e-17,1.0
normal_0_1797.mat,217,12000.0,1.0,True,1.0,3.2958217254226416,6.110400674792855,3.2958217254226416,-0.25293601032638957,-0.02417594377369122,1.236885131996642,4.076552889886784,4.776010590216192,1.0,-4.336808689942018e-18,1.0
normal_0_1797.mat,218,12000.0,1.0,True,0.9999999999999999,3.2022700380184554,6.189562595633422,3.202270038018456,-0.2154001363612732,0.06103867718691931,1.2397003559338722,3.9698553059278545,4.652353522502348,0.9999999999999999,2.6020852139652106e-17,0.9999999999999999
normal_0_1797.mat,219,12000.0,1.0,True,0.9999999999999999,3.2004363897855526,6.351943557998701,3.200436389785553,-0.08230997279239105,0.052294092143456296,1.254151327523293,4.013831546903407,4.754210426498658,0.9999999999999999,2.42861286636753e-17,0.9999999999999999
normal_0_1797.mat,220,12000.0,1.0,True,1.0,3.3100188784932736,6.487017607347023,3.3100188784932736,-0.12308853813235565,0.008334791019383211,1.2525229190072686,4.145874507659561,4.9109750802839,1.0000000000000002,-1.5612511283791264e-17,1.0
normal_0_1797.mat,221,12000.0,1.0,True,1.0,3.393932312763185,6.334464430195387,3.393932312763185,-0.203319778116414,-0.10299591357352018,1.2447320767179306,4.224536415905809,4.984268358815615,1.0,-6.938893903907228e-18,1.0
normal_0_1797.mat,222,12000.0,1.0,True,1.0,3.384293529798706,6.361689683516122,3.384293529798706,-0.1186833011183639,-0.06551495104070534,1.2440683428677957,4.210292443394879,4.957442355471831,1.0,-1.0408340855860843e-17,1.0
normal_0_1797.mat,223,12000.0,1.0,True,1.0,3.286103499598341,6.151090292672871,3.286103499598341,-0.08437248647731543,-0.011173862666708521,1.247322734528883,4.098831603063935,4.829530410837814,1.0,-1.214306433183765e-17,1.0
normal_0_1797.mat,224,12000.0,1.0,True,0.9999999999999999,3.3704085660183316,6.257450430390397,3.370408566018332,-0.15447412826903228,-0.017799535269115492,1.2458357806374796,4.198975586912697,4.9495289004560385,0.9999999999999998,-2.0816681711721685e-17,0.9999999999999999
normal_0_1797.mat,225,12000.0,1.0,True,1.0,3.0793733301262645,6.138805242088899,3.0793733301262645,-0.30738672535425415,0.05222367848911878,1.2360321383750161,3.806204402090961,4.468826772653844,1.0000000000000002,-3.469446951953614e-18,1.0
normal_0_1797.mat,226,12000.0,1.0,True,1.0,3.5439395177904607,6.859641931936874,3.5439395177904607,-0.11919300318641035,0.0802586342693886,1.2448336974086416,4.411615333323698,5.205128576335911,1.0,8.673617379884035e-19,1.0
normal_0_1797.mat,227,12000.0,1.0,True,1.0,3.4522486949778135,6.698030245334638,3.4522486949778135,-0.20530958368328633,0.05148310227236062,1.2370252790162306,4.270518905138347,5.0121916829538495,1.0,2.2551405187698492e-17,1.0
normal_0_1797.mat,228,12000.0,1.0,True,0.9999999999999999,3.0435802561744247,5.865092307625118,3.043580256174425,-0.27555525242721046,-0.02210475585113228,1.2330281468251032,3.752820122984224,4.387884975344597,0.9999999999999998,-9.107298248878237e-18,0.9999999999999999
normal_0_1797.mat,229,12000.0,0.88,True,1.0,3.5665220412959977,6.119533364108404,3.5665220412959977,-0.13994853337177648,-0.1107478930516157,1.2405610698288965,4.424488399118503,5.192668761279897,1.0,-3.469446951953614e-18,1.0
normal_0_1797.mat,230,12000.0,1.0,True,1.0,3.486994469808671,6.1757554300000805,3.486994469808671,-0.2764286780846552,-0.03173279595016021,1.2307552540856215,4.291636764684528,4.995687851312732,1.0000000000000002,6.071532165918825e-18,1.0
normal_0_1797.mat,231,12000.0,1.0,True,1.0,3.2814904431532392,6.05491006053159,3.2814904431532392,-0.24157065801669786,-0.04195287876707811,1.2370376272704129,4.0593271517088185,4.74873988851025,1.0000000000000002,3.469446951953614e-18,1.0
normal_0_1797.mat,232,12000.0,1.0,True,1.0,3.259887868874331,6.011510500450214,3.259887868874331,-0.22558739710850428,-0.012718509341405962,1.2445014860514572,4.056935297175222,4.791148070538128,1.0,-2.6020852139652106e-17,1.0
normal_0_1797.mat,233,12000.0,1.0,True,1.0,2.816050945904424,5.557995102949842,2.816050945904424,-0.3606679123706149,0.02256345593429089,1.2395167738700352,3.4905423835211122,4.113396286653343,1.0,1.734723475976807e-18,1.0
normal_0_1797.mat,234,12000.0,0.88,True,0.9999999999999999,2.9445190143952575,5.768974208493363,2.944519014395258,-0.3831568362523843,-0.07721600939737476,1.2367908044822613,3.6417540406272266,4.283289484479396,0.9999999999999998,-1.9949319973733282e-17,0.9999999999999999
normal_0_1797.mat,235,12000.0,0.5,False,0.9999999999999999,2.8715564194425562,5.418532646762255,2.8715564194425567,-0.4418457119403456,-0.0219092546482604,1.2296992842649446,3.5311508737149184,4.134952548649123,0.9999999999999999,-2.42861286636753e-17,0.9999999999999999
normal_0_1797.mat,236,12000.0,0.38,False,1.0,2.698176401373794,5.319210558944372,2.698176401373794,-0.5398215359356415,0.05414575601218109,1.216721337102753,3.282928798818617,3.8087827866864914,1.0,-8.239936510889834e-18,1.0
normal_1_1772.mat,0,12000.0,1.0,True,1.0,3.4100666064654033,6.400549600159197,3.4100666064654033,-0.045759132243958334,0.008609228837477487,1.2507493742673506,4.26513867424659,5.031562878227503,1.0,-1.0408340855860843e-17,1.0
normal_1_1772.mat,1,12000.0,0.88,True,1.0,3.5768892417701736,6.796529728052052,3.5768892417701736,0.010537654911563,0.10005776758895003,1.2466646874559948,4.4591815086561235,5.228085223672301,1.0,1.1275702593849246e-17,1.0
normal_1_1772.mat,2,12000.0,1.0,True,1.0,3.5572927027671315,6.75382278984325,3.5572927027671315,0.11038367227111578,0.052919009067889905,1.2564571838319707,4.469585971384809,5.270553389119891,1.0,2.6020852139652106e-18,1.0
normal_1_1772.mat,3,12000.0,1.0,True,1.0,3.42621571859084,6.509412199048956,3.42621571859084,0.016864733622043993,0.013744495000533024,1.2516179635495317,4.288313140384063,5.042296622743848,1.0,-2.1250362580715887e-17,1.0
normal_1_1772.mat,4,12000.0,1.0,True,0.9999999999999999,3.402918558122506,6.577017345767605,3.4029185581225065,-0.19338682550512187,0.015293338837393358,1.2429641010067465,4.229705606395915,4.976174201684063,0.9999999999999999,-2.6237692574149207e-17,0.9999999999999999
normal_1_1772.mat,5,12000.0,1.0,True,1.0,3.172521462855717,6.238280626693499,3.172521462855717,-0.13485169241658568,-0.014137475979722307,1.2473722937657052,3.957315374143266,4.67230708284427,1.0,1.3877787807814457e-17,1.0
normal_1_1772.mat,6,12000.0,1.0,True,1.0,3.142625795605875,6.198694817952958,3.142625795605875,-0.1355535222153268,0.02636306828419436,1.2393586602856843,3.89484049582133,4.553462742597856,1.0,-3.903127820947816e-18,1.0
normal_1_1772.mat,7,12000.0,1.0,True,1.0,3.976019902452424,7.5689864236819755,3.976019902452424,-0.05938581184221814,0.024841169924003884,1.241012173553151,4.93428910123307,5.771111590912817,1.0,5.637851296924623e-18,1.0
normal_1_1772.mat,8,12000.0,1.0,True,0.9999999999999999,3.9084427896719984,7.449931280491743,3.908442789671999,-0.0018449352971598998,0.041614569671166134,1.242414067249003,4.855904302926427,5.685854801637376,0.9999999999999999,-5.637851296924623e-18,0.9999999999999999
normal_1_1772.mat,9,12000.0,1.0,True,1.0,3.486192823220976,6.624429191867996,3.486192823220976,-0.2015405800461716,0.013409390360283022,1.2352484405394564,4.306314248303555,5.02797059002154,1.0,-3.2959746043559335e-17,1.0
normal_1_1772.mat,10,12000.0,0.88,True,1.0,3.2807962248867164,6.230520324101645,3.2807962248867164,-0.19467558489733916,-0.05707452181866214,1.2440539519468754,4.081487509102709,4.7937515186906285,1.0,-3.2959746043559335e-17,1.0
normal_1_1772.mat,11,12000.0,1.0,True,1.0,3.330354508205592,6.336928679824981,3.330354508205592,-0.14703919756881145,-0.054012312185291525,1.2505714607370355,4.164846302098839,4.925588156440036,1.0,-2.168404344971009e-17,1.0
normal_1_1772.mat,12,12000.0,1.0,True,1.0,3.460931343519242,6.796587498191473,3.460931343519242,-0.03080372581358848,0.0012080180677038546,1.2575352316041122,4.352243098638401,5.17170802832076,1.0,-3.642919299551295e-17,1.0
normal_1_1772.mat,13,12000.0,1.0,True,1.0,3.5116185823510646,6.914397551910987,3.5116185823510646,-0.02700076949616026,0.03668835104066553,1.2524588742961986,4.398157856609027,5.186393442907541,1.0,-3.469446951953614e-18,1.0
normal_1_1772.mat,14,12000.0,0.88,True,1.0,3.377879552301659,6.439183883771344,3.377879552301659,-0.143462861153429,0.0031648155466025008,1.2463877455766967,4.210147680022887,4.948197358327487,1.0,-2.0816681711721685e-17,1.0
normal_1_1772.mat,15,12000.0,1.0,True,0.9999999999999999,4.167937495282915,7.2713158107671525,4.167937495282916,-0.023974266503168806,-0.06949550312504056,1.245047919599773,5.189281907523883,6.076418972686536,0.9999999999999998,0.0,0.9999999999999999
normal_1_1772.mat,16,12000.0,1.0,True,1.0,4.10915586868826,7.343180151678981,4.10915586868826,-0.0921757865947086,-0.06891266607967769,1.2373669403930787,5.084533624837056,5.928119668956949,1.0,-2.168404344971009e-17,1.0
normal_1_1772.mat,17,12000.0,1.0,True,1.0,3.232504675175789,6.4534014642239015,3.232504675175789,-0.1676384449167614,-0.0028361536955820183,1.2430779518291994,4.018255290895832,4.717085123488618,1.0000000000000002,-6.938893903907228e-18,1.0
normal_1_1772.mat,18,12000.0,1.0,True,0.9999999999999999,3.130046681340356,6.145438372351574,3.1300466813403562,-0.10383259527989752,0.03296592526858029,1.2474889537081253,3.9046986595628708,4.59300706508803,0.9999999999999998,3.5344990823027445e-17,0.9999999999999999
normal_1_1772.mat,19,12000.0,1.0,True,1.0,3.523654799081744,6.6828097540246025,3.523654799081744,-0.02180295440967317,0.08423840991816167,1.245488844947651,4.388672745702569,5.147966223870751,1.0,4.7704895589362195e-18,1.0
normal_1_1772.mat,20,12000.0,1.0,True,1.0,3.641009005383783,6.879262252948326,3.641009005383783,-0.036515204606347496,0.07541859866886483,1.2433722521294623,4.527129567047688,5.310958083971563,1.0,-5.204170427930421e-18,1.0
normal_1_1772.mat,21,12000.0,1.0,True,1.0,3.2378481275217017,6.4017392153060655,3.2378481275217017,-0.10898050924763059,0.010221006105618187,1.245138071173045,4.031567972253628,4.7377095304254855,1.0,-2.0816681711721685e-17,1.0
normal_1_1772.mat,22,12000.0,1.0,True,0.9999999999999998,3.0211438355602427,6.034512862234303,3.0211438355602436,-0.17709979583545366,-0.021384737874162757,1.2425387942418198,3.753888418668131,4.4122526726971465,0.9999999999999996,-1.734723475976807e-18,0.9999999999999998
normal_1_1772.mat,23,12000.0,1.0,True,1.0,3.482827365736309,6.599601707083282,3.482827365736309,-0.0837542191196996,0.029433018128063083,1.241865863549848,4.325204414145164,5.06378975893329,1.0,2.168404344971009e-18,1.0
normal_1_1772.mat,24,12000.0,1.0,True,1.0,3.5561191111891297,6.756273069328696,3.5561191111891297,-0.0001212289395220445,0.07325620360412109,1.2458710146773628,4.430465725370762,5.197202828090322,1.0,4.163336342344337e-17,1.0
normal_1_1772.mat,25,12000.0,1.0,True,0.9999999999999999,3.4216656965254812,6.491062929660218,3.4216656965254817,-0.08742544291300458,0.06716169051603949,1.2426408357141325,4.251901520664804,4.989332096854282,0.9999999999999999,2.6020852139652106e-17,0.9999999999999999
normal_1_1772.mat,26,12000.0,1.0,True,0.9999999999999999,3.403849589810847,6.528441465840515,3.4038495898108474,-0.046062532919184385,0.06503539159374223,1.2502804437788828,4.255766575705275,5.010243856923496,0.9999999999999998,2.6020852139652106e-18,0.9999999999999999
normal_1_1772.mat,27,12000.0,1.0,True,1.0,3.1287441824471207,6.210343124119316,3.1287441824471207,-0.15299466507987347,0.014395741454594213,1.25105726577013,3.9142381421864956,4.627067272318029,1.0,3.599551212651875e-17,1.0
normal_1_1772.mat,28,12000.0,1.0,True,1.0,3.209864613289784,6.379982874627382,3.209864613289784,-0.16869830681323084,0.02088340635896828,1.2490712784723537,4.009349696245037,4.735595418698908,1.0,1.3877787807814457e-17,1.0
normal_1_1772.mat,29,12000.0,0.88,True,0.9999999999999999,3.168484215963746,5.955233873813679,3.1684842159637463,-0.09209466719668491,0.017515098790256152,1.255213318604229,3.9771235876649724,4.70516287062796,0.9999999999999999,-1.214306433183765e-17,0.9999999999999999
normal_1_1772.mat,30,12000.0,1.0,True,1.0,3.2327544735551133,6.44129838739523,3.2327544735551133,-0.06784883781872963,0.05836534912447541,1.2541782898253497,4.054450477068601,4.788469169709331,1.0,1.691355389077387e-17,1.0
normal_1_1772.mat,31,12000.0,0.88,True,1.0,3.4077009800733946,6.718399928016561,3.4077009800733946,-0.03489828283030061,0.10145149948609324,1.253190003820227,4.270496804236369,5.037802447141592,1.0,-6.938893903907228e-18,1.0
normal_1_1772.mat,32,12000.0,1.0,True,0.9999999999999999,3.4326405903688517,6.778729602606705,3.432640590368852,-0.03371439097393658,0.03136989050074587,1.2559781940163195,4.311321729398584,5.1079841344620185,0.9999999999999999,1.6479873021779667e-17,0.9999999999999999
normal_1_1772.mat,33,12000.0,0.88,True,1.0,3.2840526552309695,6.300470120844533,3.2840526552309695,-0.24542918844268247,0.0348138315295045,1.2446793761008572,4.087592609995247,4.83242290278122,1.0,1.951563910473908e-17,1.0
normal_1_1772.mat,34,12000.0,0.88,True,1.0,3.0422310615817385,6.0164851950279274,3.0422310615817385,-0.1496472316100279,0.03507572240776165,1.2546851501309502,3.8170421362337232,4.518652407307803,1.0,2.3418766925686896e-17,1.0
normal_1_1772.mat,35,12000.0,1.0,True,1.0,3.3129552828199555,6.530978489193558,3.3129552828199555,-0.05876068352047925,0.024167554929171775,1.257758227998176,4.166896765956824,4.930215057018479,1.0,2.7321894746634712e-17,1.0
normal_1_1772.mat,36,12000.0,0.88,True,1.0,3.3300323142517243,6.437250850374516,3.3300323142517243,-0.11125644381962818,0.09273838175375894,1.2498218361096045,4.161947101302406,4.914529967497836,1.0,3.0357660829594124e-18,1.0
normal_1_1772.mat,37,12000.0,0.38,False,1.0,4.704217030848721,7.988765493246836,4.704217030848721,0.24510302487767444,0.007212870332284647,1.2640470053454702,5.946351450339485,7.055157761401944,1.0,4.336808689942018e-18,1.0
normal_1_1772.mat,38,12000.0,0.38,False,1.0,4.764663718035851,8.343611260011663,4.764663718035851,0.3679294964050719,-0.08292216102402881,1.2657132487564544,6.0306979937871645,7.138283491541941,1.0000000000000002,8.673617379884035e-18,1.0
normal_1_1772.mat,39,12000.0,0.5,False,1.0,3.9936734870729413,7.51827047027053,3.9936734870729413,0.16960819306869057,0.050879786122362894,1.2612998855722226,5.03721991225792,5.962619696466145,1.0,-1.214306433183765e-17,1.0
normal_1_1772.mat,40,12000.0,1.0,True,1.0,3.8625079336808246,6.9752879885528465,3.8625079336808246,0.02680878588658464,0.06349379460121628,1.2641469495695967,4.88277762205098,5.819655506706065,1.0000000000000002,2.3418766925686896e-17,1.0
normal_1_1772.mat,41,12000.0,1.0,True,1.0,3.3719908598509916,6.719329313991139,3.3719908598509916,-0.039554453309119886,0.005969480488744815,1.25506875043052,4.232080354936318,5.008491323114217,1.0,3.469446951953614e-18,1.0
normal_1_1772.mat,42,12000.0,1.0,True,1.0,3.583740234134373,6.795848427397085,3.583740234134373,-0.010125499392238169,0.011375293100265041,1.24786607816507,4.47202787113163,5.252065674423058,1.0,-3.9898639947466563e-17,1.0
normal_1_1772.mat,43,12000.0,1.0,True,1.0,3.639201433845134,6.8539152180461285,3.639201433845134,-0.0981417163167615,-0.007929738557703306,1.2453064218819625,4.531920916089391,5.315832851205116,1.0,8.673617379884035e-19,1.0
normal_1_1772.mat,44,12000.0,0.62,False,1.0,4.074287020838979,7.27800432953754,4.074287020838979,0.10823517584701658,0.05279410533046715,1.2508667968142482,5.09639035505872,5.98180600423357,1.0,6.071532165918825e-18,1.0
normal_1_1772.mat,45,12000.0,0.25,False,1.0,4.011208243897505,7.302603601984469,4.011208243897505,0.38292305556066886,0.1581321595870741,1.2714421321531837,5.1000191621314706,6.051971860877276,1.0,1.9081958235744878e-17,1.0
normal_1_1772.mat,46,12000.0,0.88,True,1.0,3.7730333868752535,7.102257184851077,3.7730333868752535,-0.03629508082532151,0.09557255285865324,1.2500772036408125,4.716583025508441,5.567719807466438,1.0,6.418476861114186e-17,1.0
normal_1_1772.mat,47,12000.0,1.0,True,1.0,3.3676683554453066,6.441294162413557,3.3676683554453066,-0.25927679971207995,0.03251738087135731,1.2367714309498616,4.1650360109286595,4.882466647900977,1.0,5.0306980803327406e-17,1.0
normal_1_1772.mat,48,12000.0,1.0,True,0.9999999999999999,3.682630263145875,7.0225681692892135,3.6826302631458754,-0.09434871176858595,0.043224430788693056,1.2473553611989263,4.59354860204842,5.405427719924933,0.9999999999999999,-3.469446951953614e-18,0.9999999999999999
normal_1_1772.mat,49,12000.0,0.88,True,0.9999999999999999,3.6163450816708655,7.024098234892833,3.616345081670866,0.09269884973933173,0.09369938336364335,1.2536457656706088,4.533615698840412,5.341678040421658,0.9999999999999998,-1.734723475976807e-18,0.9999999999999999
normal_1_1772.mat,50,12000.0,1.0,True,1.0,3.4341132634576677,6.414030964178468,3.4341132634576677,0.09124008965851615,0.08795019753742657,1.2543243208039716,4.307491786750449,5.07476604653244,1.0,2.2985086056692694e-17,1.0
normal_1_1772.mat,51,12000.0,1.0,True,1.0,3.372679484900742,6.439672483188803,3.372679484900742,-0.0494406533706333,0.05710230028915535,1.2510264673643763,4.2193113015476795,4.981274930486867,1.0,-2.42861286636753e-17,1.0
normal_1_1772.mat,52,12000.0,0.88,True,1.0,3.812494011303337,6.906852118086549,3.812494011303337,-0.01436780761906098,0.09976043652119868,1.2529927042677387,4.777027181227527,5.644113479799132,1.0,-8.673617379884035e-18,1.0
normal_1_1772.mat,53,12000.0,1.0,True,1.0,3.854392468957539,6.913618963954181,3.854392468957539,-0.034970367685216,0.08758227714899139,1.2472887847435883,4.807540498530887,5.654416361320635,1.0,-2.0816681711721685e-17,1.0
normal_1_1772.mat,54,12000.0,1.0,True,1.0,3.7866995767037337,6.948107915061499,3.7866995767037337,-0.025130495192509095,0.05418154314101736,1.2487501555971785,4.728641685608557,5.567891579440566,1.0,8.673617379884035e-18,1.0
normal_1_1772.mat,55,12000.0,1.0,True,1.0,4.0320086278336085,7.564425277287267,4.0320086278336085,0.09815196750359201,0.012852271519738721,1.249728886614955,5.038917653284388,5.912376651950604,1.0,4.358492733391728e-17,1.0
normal_1_1772.mat,56,12000.0,1.0,True,0.9999999999999999,4.079064230381778,7.573179551044511,4.079064230381779,0.031963126335936565,0.057619564761402925,1.243791666418347,5.073506096534024,5.9293309881468925,0.9999999999999999,3.122502256758253e-17,0.9999999999999999
normal_1_1772.mat,57,12000.0,1.0,True,0.9999999999999999,3.4987481144743877,6.994584370479826,3.498748114474388,-0.0009731230586567108,0.06783163774450371,1.249598913816965,4.37203184356635,5.135284370009673,0.9999999999999999,-1.5612511283791264e-17,0.9999999999999999
normal_1_1772.mat,58,12000.0,1.0,True,0.9999999999999999,3.418756774812828,6.6340350924887685,3.4187567748128282,0.02293564125732006,0.013647144235786942,1.2535194792617612,4.285478212085994,5.0479904051835485,0.9999999999999999,4.0332320816460765e-17,0.9999999999999999
normal_1_1772.mat,59,12000.0,1.0,True,1.0,3.2751947541794633,6.501346151366144,3.2751947541794633,-0.025029490646311103,0.06703400539154718,1.2499701246967814,4.0938955952879486,4.8207775048673955,1.0,2.2551405187698492e-17,1.0
normal_1_1772.mat,60,12000.0,1.0,True,1.0,3.5174783046937863,6.710288537967459,3.5174783046937863,0.08561446211907864,0.0664252400117581,1.25211222261225,4.404277578080506,5.1850180590906945,1.0,1.3877787807814457e-17,1.0
normal_1_1772.mat,61,12000.0,1.0,True,1.0,3.642127992396777,6.821801758364291,3.642127992396777,0.06391481009406075,0.010809702313446308,1.252554250853878,4.561962899030484,5.374032414475832,1.0,2.0816681711721685e-17,1.0
normal_1_1772.mat,62,12000.0,1.0,True,1.0,3.831828239132464,7.027700611450183,3.831828239132464,-0.012063456381191884,0.06048893167508784,1.2530317117817837,4.8014022977339295,5.675376367731095,1.0,-2.8189256484623115e-18,1.0
normal_1_1772.mat,63,12000.0,0.88,True,1.0,3.8831628618601397,6.940404950048842,3.8831628618601397,-0.058846267454935486,0.09525767121646711,1.2524490217856075,4.863463527770932,5.753272500718101,1.0,0.0,1.0
normal_1_1772.mat,64,12000.0,1.0,True,0.9999999999999999,3.456483043543964,6.860483825583673,3.4564830435439644,-0.09316530939888779,0.0545748113453477,1.2472929356865474,4.311246882532724,5.079945945527116,0.9999999999999998,1.5612511283791264e-17,0.9999999999999999
normal_1_1772.mat,65,12000.0,1.0,True,1.0,3.4029522352882395,6.732738219618719,3.4029522352882395,0.11128635369702788,0.01746031054549195,1.2611285120963636,4.291560089224052,5.089690446799606,1.0,-7.806255641895632e-18,1.0
normal_1_1772.mat,66,12000.0,0.88,True,1.0,3.373141558097074,6.552836169410749,3.373141558097074,0.07444946392887619,0.02264247925365965,1.2665097010516984,4.272116506350585,5.0773439251989405,1.0,4.336808689942018e-18,1.0
normal_1_1772.mat,67,12000.0,1.0,True,1.0,3.2219927984385484,6.241951624101398,3.2219927984385484,-0.1502412274032663,0.06677719324249802,1.2472880625536324,4.0187531551261735,4.732440615166058,1.0000000000000002,-2.0816681711721685e-17,1.0
normal_1_1772.mat,68,12000.0,1.0,True,0.9999999999999999,3.4224154581144077,6.631045946555469,3.422415458114408,-0.18183021627484308,0.08592046438229155,1.2365096305209318,4.231849673602172,4.958614699086657,0.9999999999999999,-2.949029909160572e-17,0.9999999999999999
normal_1_1772.mat,69,12000.0,1.0,True,0.9999999999999999,3.439037141733644,6.593991229023018,3.4390371417336443,-0.14718234130180718,0.05064780290337054,1.2433797775305284,4.276029236208003,5.028591803114289,0.9999999999999999,-4.336808689942018e-19,0.9999999999999999
normal_1_1772.mat,70,12000.0,1.0,True,1.0,3.4111818816063373,6.676176074395361,3.4111818816063373,-0.0100421073645105,0.047418311014940165,1.2535810281795192,4.276192890451419,5.050449566170821,1.0,-8.456776945386935e-18,1.0
normal_1_1772.mat,71,12000.0,1.0,True,1.0,3.36359285486322,6.61750190797609,3.36359285486322,0.10715149785459399,0.06844469112116096,1.2581964861151036,4.232060710710773,5.003057152581965,1.0,-1.9081958235744878e-17,1.0
normal_1_1772.mat,72,12000.0,1.0,True,1.0,3.414792798960189,6.483102963790335,3.414792798960189,-0.0031889245988914183,0.049855502495907825,1.2545077184603746,4.283883923238463,5.062716517004238,1.0,-1.5612511283791264e-17,1.0
normal_1_1772.mat,73,12000.0,1.0,True,1.0,3.433664343174117,6.345676868353358,3.433664343174117,-0.11344633125822234,0.06546792858858178,1.253428039585896,4.303851166260728,5.089911223409381,1.0,1.0408340855860843e-17,1.0
normal_1_1772.mat,74,12000.0,1.0,True,1.0,3.2317131067539706,6.449319622835024,3.2317131067539706,-0.041176898229313696,0.01149465650538738,1.2594642723188678,4.0702271963412375,4.822692309204506,1.0,1.734723475976807e-17,1.0
normal_1_1772.mat,75,12000.0,1.0,True,1.0,3.7733169410219083,7.022677742661413,3.7733169410219083,0.038814024226442534,-0.002930250077351048,1.2586946945187791,4.7494540144021045,5.619500101200782,1.0,1.1275702593849246e-17,1.0
normal_1_1772.mat,76,12000.0,1.0,True,0.9999999999999999,3.863034398360813,7.152931001666608,3.8630343983608135,0.024538971823226063,0.024367028253302794,1.2514822713558709,4.834519063186451,5.696668158906424,0.9999999999999999,3.903127820947816e-18,0.9999999999999999
normal_1_1772.mat,77,12000.0,1.0,True,0.9999999999999999,3.8139315862272167,7.155169708668641,3.813931586227217,0.057714546876214357,-0.008683991057024172,1.2527275716195043,4.7778172543373465,5.6323666125752485,0.9999999999999999,-1.5178830414797062e-17,0.9999999999999999
normal_1_1772.mat,78,12000.0,1.0,True,1.0,3.656059081757866,6.965435621579786,3.656059081757866,-0.010956608407667545,-0.0161337025511092,1.252085015946676,4.5776967936847885,5.3974564438326835,1.0,-1.214306433183765e-17,1.0
normal_1_1772.mat,79,12000.0,1.0,True,1.0,3.7026478964837626,7.0365287407188255,3.7026478964837626,-0.036182749062441566,0.02408883558026527,1.2450164764954395,4.609857637783465,5.409804184981145,1.0,4.2934406030425976e-17,1.0
normal_1_1772.mat,80,12000.0,1.0,True,1.0,3.2850736988187745,6.517872765142117,3.2850736988187745,-0.008934884433467793,-0.008386923434483315,1.2459074826978371,4.092897902572172,4.807025527197725,1.0,2.862293735361732e-17,1.0
normal_1_1772.mat,81,12000.0,0.88,True,1.0,3.7788548266633324,6.985675973961627,3.7788548266633324,0.1616940150256787,0.004886197561434574,1.2623465404204712,4.770224317189657,5.652019753760173,1.0,3.350184712980209e-17,1.0
normal_1_1772.mat,82,12000.0,0.75,True,1.0,3.796941835268927,6.817442720255032,3.796941835268927,0.1862195640339941,0.04892911398095451,1.2674551308104727,4.8124534105005345,5.719740042175832,1.0000000000000002,1.7780915628762273e-17,1.0
normal_1_1772.mat,83,12000.0,0.88,True,1.0,3.2010071032053697,6.335529785638707,3.2010071032053697,0.02704493223108617,0.05480850093000887,1.2597075570581149,4.03233283810451,4.7744378954298075,1.0,2.7755575615628914e-17,1.0
normal_1_1772.mat,84,12000.0,1.0,True,1.0,3.432527609563996,6.577027484011879,3.432527609563996,0.07105714336638957,0.010850408858354137,1.2635727351593198,4.33724830012666,5.138960351146592,1.0,-3.469446951953614e-18,1.0
normal_1_1772.mat,85,12000.0,1.0,True,0.9999999999999999,3.677621741464,7.164901887951357,3.6776217414640002,0.10313788251544942,-0.018126751676420833,1.2649355785759275,4.651954585322175,5.523592812394062,0.9999999999999999,-6.071532165918825e-18,0.9999999999999999
normal_1_1772.mat,86,12000.0,0.88,True,0.9999999999999999,3.837940958929226,7.535181762816098,3.8379409589292264,0.18520135459391263,-0.04162027955309713,1.2661475754374218,4.8593996398202135,5.764248016299816,0.9999999999999998,-1.214306433183765e-17,0.9999999999999999
normal_1_1772.mat,87,12000.0,1.0,True,1.0,3.84741126967498,7.399750259507239,3.84741126967498,0.027915233076306833,-0.004032784254402205,1.2571622087808287,4.83682004987285,5.708817863116236,1.0,-1.0842021724855044e-18,1.0
normal_1_1772.mat,88,12000.0,0.88,True,1.0,3.475523983782854,6.666783868377319,3.475523983782854,-0.10519839108058449,0.09327067560683688,1.2478417306539389,4.336903862852869,5.096994780554952,1.0,-8.673617379884035e-19,1.0
normal_1_1772.mat,89,12000.0,1.0,True,1.0,3.4628251815094644,6.771000512282555,3.4628251815094644,-0.07662154891878536,0.04828643066616853,1.2406313646001375,4.296089530307805,5.024284047165972,1.0000000000000002,1.3877787807814457e-17,1.0
normal_1_1772.mat,90,12000.0,1.0,True,0.9999999999999999,3.4995556310133744,6.845557451384636,3.499555631013375,-0.14263079179234328,0.0034276463364622117,1.2349573147731825,4.321801824975648,5.04058207836133,0.9999999999999999,6.938893903907228e-18,0.9999999999999999
normal_1_1772.mat,91,12000.0,1.0,True,0.9999999999999999,3.184684916240644,6.299659965875837,3.1846849162406445,-0.16486501925243235,-0.019124513987785384,1.2454656919535192,3.96641580285959,4.673711865255068,0.9999999999999998,8.673617379884035e-18,0.9999999999999999
normal_1_1772.mat,92,12000.0,1.0,True,1.0,3.268297815718988,6.402445367529259,3.268297815718988,-0.04415644141656738,-0.054464920117579876,1.256825064931131,4.10767861445529,4.870509632977203,1.0,-1.9081958235744878e-17,1.0
normal_1_1772.mat,93,12000.0,1.0,True,1.0,3.339091536778415,6.519199326948431,3.339091536778415,-0.024723042422545305,-0.03946413691160843,1.2571461939083894,4.197726216572699,4.984646094551492,1.0,-6.938893903907228e-18,1.0
normal_1_1772.mat,94,12000.0,1.0,True,0.9999999999999999,3.3451543809506123,6.477855210090149,3.345154380950613,-0.17379310832798112,0.04351401205840441,1.2434432708241296,4.159509704860896,4.908675700521913,0.9999999999999999,1.8648277366750676e-17,0.9999999999999999
normal_1_1772.mat,95,12000.0,1.0,True,1.0,3.379872937307071,6.356910667036541,3.379872937307071,-0.17968697785236154,0.04341503756303975,1.2418556537025571,4.197314315991054,4.923487002487667,1.0,-2.970713952610282e-17,1.0
normal_1_1772.mat,96,12000.0,1.0,True,1.0,3.711222680192702,7.080995815353845,3.711222680192702,-0.0273371654626704,0.049589349064031424,1.2535277353595056,4.652120561716793,5.491021115482297,1.0,-4.2500725161431774e-17,1.0
normal_1_1772.mat,97,12000.0,1.0,True,1.0,3.7420360941795696,7.1521373864175875,3.7420360941795696,0.012725120457330874,0.03696317962130062,1.2579364636401873,4.707243651126186,5.57537237984345,1.0,8.239936510889834e-18,1.0
normal_1_1772.mat,98,12000.0,1.0,True,1.0,3.232273507048337,6.342764251463666,3.232273507048337,-0.11342368268587855,0.018467565336809363,1.249164616256352,4.037641695067609,4.76417520098701,1.0,1.2576745200831851e-17,1.0
normal_1_1772.mat,99,12000.0,1.0,True,0.9999999999999999,3.6515985088768343,7.065666082061286,3.651598508876835,0.034481868512817204,0.012164531822798252,1.2487936514893516,4.560093035673374,5.356679141533395,0.9999999999999999,-1.5178830414797062e-17,0.9999999999999999
normal_1_1772.mat,100,12000.0,1.0,True,1.0,3.578192482495581,6.929709622278981,3.578192482495581,0.023297737814406805,0.04739921681501,1.251639437731843,4.478606826887076,5.269691398530983,1.0,-1.734723475976807e-18,1.0
normal_1_1772.mat,101,12000.0,1.0,True,1.0,3.2028642217446595,6.199128510215349,3.2028642217446595,-0.23226756319842767,0.06214481836152998,1.2400668644940904,3.971765792859205,4.667224291000512,1.0,1.3444106938820255e-17,1.0
normal_1_1772.mat,102,12000.0,1.0,True,0.9999999999999999,3.666396639396375,7.055694605823987,3.6663966393963756,-0.027902681280978392,-0.028029464726013843,1.248872569323081,4.578862191200462,5.391001158253836,0.9999999999999999,2.168404344971009e-18,0.9999999999999999
normal_1_1772.mat,103,12000.0,1.0,True,1.0,3.5615901556232776,6.87367330242426,3.5615901556232776,0.022037810213609177,0.002359717024904621,1.255316243832288,4.470921976227067,5.286712743846345,1.0,1.1275702593849246e-17,1.0
normal_1_1772.mat,104,12000.0,1.0,True,1.0,3.310800831849732,6.476403544451713,3.310800831849732,-0.09911828754188878,0.05937350115583946,1.255255855170214,4.155902129481791,4.931755495834899,1.0,1.691355389077387e-17,1.0
normal_1_1772.mat,105,12000.0,0.88,True,1.0,4.030063359135759,7.050264970438745,4.030063359135759,0.09442295414134705,0.005600317926303465,1.2671125631105071,5.106543912492251,6.091706662879243,1.0,-2.6020852139652106e-18,1.0
normal_1_1772.mat,106,12000.0,1.0,True,1.0,3.9043365660754787,7.215486662547491,3.9043365660754787,0.02850875671230302,-0.010387447184092874,1.25760626876598,4.910118140868762,5.811307528196886,1.0,-1.9081958235744878e-17,1.0
normal_1_1772.mat,107,12000.0,1.0,True,1.0,3.50719064455043,6.694964716108894,3.50719064455043,-0.12607639822088146,0.01081307805428441,1.245233376201024,4.3672708472941775,5.140299325263193,1.0000000000000002,-2.211772431870429e-17,1.0
normal_1_1772.mat,108,12000.0,1.0,True,1.0,3.29548681149735,6.426904788143846,3.29548681149735,-0.17622006382513344,0.025184623458703988,1.2428856008255402,4.095913105720528,4.812542626552548,1.0,-2.5804011705155006e-17,1.0
normal_1_1772.mat,109,12000.0,1.0,True,0.9999999999999999,3.4188785221495097,6.244328344532034,3.41887852214951,-0.14587599043354782,0.07364642737435569,1.2474627257905453,4.264923520387379,5.01858724543577,0.9999999999999999,-1.0408340855860843e-17,0.9999999999999999
normal_1_1772.mat,110,12000.0,1.0,True,1.0,3.3669501305064298,6.614459269673098,3.3669501305064298,-0.015078520616054636,0.048952626393470866,1.2599031882779195,4.242031204197808,5.0389183237346264,1.0,-2.1033522146218786e-17,1.0
normal_1_1772.mat,111,12000.0,1.0,True,1.0,3.326882433468058,6.5204618743921605,3.326882433468058,-0.10827139660056373,-0.009971987902135425,1.25789874668166,4.184881243416702,4.983797819460233,1.0,1.474514954580286e-17,1.0
normal_1_1772.mat,112,12000.0,1.0,True,1.0,2.984320776623216,5.860675746142926,2.984320776623216,-0.18779434708239506,0.039360535318717825,1.2514550974755743,3.734743448407388,4.421036550784294,1.0,-1.734723475976807e-17,1.0
normal_1_1772.mat,113,12000.0,1.0,True,1.0,3.3363830716643164,6.283428941636499,3.3363830716643164,-0.08715771238998693,-0.009667394255003257,1.252727471178007,4.17957872824715,4.951249227000924,1.0,-8.456776945386935e-18,1.0
normal_1_1772.mat,114,12000.0,1.0,True,1.0,3.375443816613743,6.647514808557281,3.375443816613743,0.009025375864867513,-0.039951375094094715,1.256699022011153,4.241916943192084,5.03840953103345,1.0,3.382710778154774e-17,1.0
normal_1_1772.mat,115,12000.0,1.0,True,1.0,3.3418226884110163,6.6030383967317245,3.3418226884110163,-0.01000309423814505,0.02394287399955108,1.2567767796350187,4.199925156452437,4.9672908876496376,1.0,-2.7755575615628914e-17,1.0
normal_1_1772.mat,116,12000.0,0.38,False,1.0,4.72944791787393,8.348152278239699,4.72944791787393,0.19591263384813917,-0.02302990916034243,1.2605669866839484,5.961785910513014,7.0625935974886955,1.0,-2.42861286636753e-17,1.0
normal_2_1750.mat,0,12000.0,1.0,True,1.0,3.4100666064654033,6.400549600159197,3.4100666064654033,-0.045759132243958334,0.008609228837477487,1.2507493742673506,4.26513867424659,5.031562878227503,1.0,-1.0408340855860843e-17,1.0
normal_2_1750.mat,1,12000.0,0.88,True,1.0,3.5768892417701736,6.796529728052052,3.5768892417701736,0.010537654911563,0.10005776758895003,1.2466646874559948,4.4591815086561235,5.228085223672301,1.0,1.1275702593849246e-17,1.0
normal_2_1750.mat,2,12000.0,1.0,True,1.0,3.5572927027671315,6.75382278984325,3.5572927027671315,0.11038367227111578,0.052919009067889905,1.2564571838319707,4.469585971384809,5.270553389119891,1.0,2.6020852139652106e-18,1.0
normal_2_1750.mat,3,12000.0,1.0,True,1.0,3.42621571859084,6.509412199048956,3.42621571859084,0.016864733622043993,0.013744495000533024,1.2516179635495317,4.288313140384063,5.042296622743848,1.0,-2.1250362580715887e-17,1.0
normal_2_1750.mat,4,12000.0,1.0,True,0.9999999999999999,3.402918558122506,6.577017345767605,3.4029185581225065,-0.19338682550512187,0.015293338837393358,1.2429641010067465,4.229705606395915,4.976174201684063,0.9999999999999999,-2.6237692574149207e-17,0.9999999999999999
normal_2_1750.mat,5,12000.0,1.0,True,1.0,3.172521462855717,6.238280626693499,3.172521462855717,-0.13485169241658568,-0.014137475979722307,1.2473722937657052,3.957315374143266,4.67230708284427,1.0,1.3877787807814457e-17,1.0
normal_2_1750.mat,6,12000.0,1.0,True,1.0,3.142625795605875,6.198694817952958,3.142625795605875,-0.1355535222153268,0.02636306828419436,1.2393586602856843,3.89484049582133,4.553462742597856,1.0,-3.903127820947816e-18,1.0
normal_2_1750.mat,7,12000.0,1.0,True,1.0,3.976019902452424,7.5689864236819755,3.976019902452424,-0.05938581184221814,0.024841169924003884,1.241012173553151,4.93428910123307,5.771111590912817,1.0,5.637851296924623e-18,1.0
normal_2_1750.mat,8,12000.0,1.0,True,0.9999999999999999,3.9084427896719984,7.449931280491743,3.908442789671999,-0.0018449352971598998,0.041614569671166134,1.242414067249003,4.855904302926427,5.685854801637376,0.9999999999999999,-5.637851296924623e-18,0.9999999999999999
normal_2_1750.mat,9,12000.0,1.0,True,1.0,3.486192823220976,6.624429191867996,3.486192823220976,-0.2015405800461716,0.013409390360283022,1.2352484405394564,4.306314248303555,5.02797059002154,1.0,-3.2959746043559335e-17,1.0
normal_2_1750.mat,10,12000.0,0.88,True,1.0,3.2807962248867164,6.230520324101645,3.2807962248867164,-0.19467558489733916,-0.05707452181866214,1.2440539519468754,4.081487509102709,4.7937515186906285,1.0,-3.2959746043559335e-17,1.0
normal_2_1750.mat,11,12000.0,1.0,True,1.0,3.330354508205592,6.336928679824981,3.330354508205592,-0.14703919756881145,-0.054012312185291525,1.2505714607370355,4.164846302098839,4.925588156440036,1.0,-2.168404344971009e-17,1.0
normal_2_1750.mat,12,12000.0,1.0,True,1.0,3.460931343519242,6.796587498191473,3.460931343519242,-0.03080372581358848,0.0012080180677038546,1.2575352316041122,4.352243098638401,5.17170802832076,1.0,-3.642919299551295e-17,1.0
normal_2_1750.mat,13,12000.0,1.0,True,1.0,3.5116185823510646,6.914397551910987,3.5116185823510646,-0.02700076949616026,0.03668835104066553,1.2524588742961986,4.398157856609027,5.186393442907541,1.0,-3.469446951953614e-18,1.0
normal_2_1750.mat,14,12000.0,0.88,True,1.0,3.377879552301659,6.439183883771344,3.377879552301659,-0.143462861153429,0.0031648155466025008,1.2463877455766967,4.210147680022887,4.948197358327487,1.0,-2.0816681711721685e-17,1.0
normal_2_1750.mat,15,12000.0,1.0,True,0.9999999999999999,4.167937495282915,7.2713158107671525,4.167937495282916,-0.023974266503168806,-0.06949550312504056,1.245047919599773,5.189281907523883,6.076418972686536,0.9999999999999998,0.0,0.9999999999999999
normal_2_1750.mat,16,12000.0,1.0,True,1.0,4.10915586868826,7.343180151678981,4.10915586868826,-0.0921757865947086,-0.06891266607967769,1.2373669403930787,5.084533624837056,5.928119668956949,1.0,-2.168404344971009e-17,1.0
normal_2_1750.mat,17,12000.0,1.0,True,1.0,3.232504675175789,6.4534014642239015,3.232504675175789,-0.1676384449167614,-0.0028361536955820183,1.2430779518291994,4.018255290895832,4.717085123488618,1.0000000000000002,-6.938893903907228e-18,1.0
normal_2_1750.mat,18,12000.0,1.0,True,0.9999999999999999,3.130046681340356,6.145438372351574,3.1300466813403562,-0.10383259527989752,0.03296592526858029,1.2474889537081253,3.9046986595628708,4.59300706508803,0.9999999999999998,3.5344990823027445e-17,0.9999999999999999
normal_2_1750.mat,19,12000.0,1.0,True,1.0,3.523654799081744,6.6828097540246025,3.523654799081744,-0.02180295440967317,0.08423840991816167,1.245488844947651,4.388672745702569,5.147966223870751,1.0,4.7704895589362195e-18,1.0
normal_2_1750.mat,20,12000.0,1.0,True,1.0,3.641009005383783,6.879262252948326,3.641009005383783,-0.036515204606347496,0.07541859866886483,1.2433722521294623,4.527129567047688,5.310958083971563,1.0,-5.204170427930421e-18,1.0
normal_2_1750.mat,21,12000.0,1.0,True,1.0,3.2378481275217017,6.4017392153060655,3.2378481275217017,-0.10898050924763059,0.010221006105618187,1.245138071173045,4.031567972253628,4.7377095304254855,1.0,-2.0816681711721685e-17,1.0
normal_2_1750.mat,22,12000.0,1.0,True,0.9999999999999998,3.0211438355602427,6.034512862234303,3.0211438355602436,-0.17709979583545366,-0.021384737874162757,1.2425387942418198,3.753888418668131,4.4122526726971465,0.9999999999999996,-1.734723475976807e-18,0.9999999999999998
normal_2_1750.mat,23,12000.0,1.0,True,1.0,3.482827365736309,6.599601707083282,3.482827365736309,-0.0837542191196996,0.029433018128063083,1.241865863549848,4.325204414145164,5.06378975893329,1.0,2.168404344971009e-18,1.0
normal_2_1750.mat,24,12000.0,1.0,True,1.0,3.5561191111891297,6.756273069328696,3.5561191111891297,-0.0001212289395220445,0.07325620360412109,1.2458710146773628,4.430465725370762,5.197202828090322,1.0,4.163336342344337e-17,1.0
normal_2_1750.mat,25,12000.0,1.0,True,0.9999999999999999,3.4216656965254812,6.491062929660218,3.4216656965254817,-0.08742544291300458,0.06716169051603949,1.2426408357141325,4.251901520664804,4.989332096854282,0.9999999999999999,2.6020852139652106e-17,0.9999999999999999
normal_2_1750.mat,26,12000.0,1.0,True,0.9999999999999999,3.403849589810847,6.528441465840515,3.4038495898108474,-0.046062532919184385,0.06503539159374223,1.2502804437788828,4.255766575705275,5.010243856923496,0.9999999999999998,2.6020852139652106e-18,0.9999999999999999
normal_2_1750.mat,27,12000.0,1.0,True,1.0,3.1287441824471207,6.210343124119316,3.1287441824471207,-0.15299466507987347,0.014395741454594213,1.25105726577013,3.9142381421864956,4.627067272318029,1.0,3.599551212651875e-17,1.0
normal_2_1750.mat,28,12000.0,1.0,True,1.0,3.209864613289784,6.379982874627382,3.209864613289784,-0.16869830681323084,0.02088340635896828,1.2490712784723537,4.009349696245037,4.735595418698908,1.0,1.3877787807814457e-17,1.0
normal_2_1750.mat,29,12000.0,0.88,True,0.9999999999999999,3.168484215963746,5.955233873813679,3.1684842159637463,-0.09209466719668491,0.017515098790256152,1.255213318604229,3.9771235876649724,4.70516287062796,0.9999999999999999,-1.214306433183765e-17,0.9999999999999999
normal_2_1750.mat,30,12000.0,1.0,True,1.0,3.2327544735551133,6.44129838739523,3.2327544735551133,-0.06784883781872963,0.05836534912447541,1.2541782898253497,4.054450477068601,4.788469169709331,1.0,1.691355389077387e-17,1.0
normal_2_1750.mat,31,12000.0,0.88,True,1.0,3.4077009800733946,6.718399928016561,3.4077009800733946,-0.03489828283030061,0.10145149948609324,1.253190003820227,4.270496804236369,5.037802447141592,1.0,-6.938893903907228e-18,1.0
normal_2_1750.mat,32,12000.0,1.0,True,0.9999999999999999,3.4326405903688517,6.778729602606705,3.432640590368852,-0.03371439097393658,0.03136989050074587,1.2559781940163195,4.311321729398584,5.1079841344620185,0.9999999999999999,1.6479873021779667e-17,0.9999999999999999
normal_2_1750.mat,33,12000.0,0.88,True,1.0,3.2840526552309695,6.300470120844533,3.2840526552309695,-0.24542918844268247,0.0348138315295045,1.2446793761008572,4.087592609995247,4.83242290278122,1.0,1.951563910473908e-17,1.0
normal_2_1750.mat,34,12000.0,0.88,True,1.0,3.0422310615817385,6.0164851950279274,3.0422310615817385,-0.1496472316100279,0.03507572240776165,1.2546851501309502,3.8170421362337232,4.518652407307803,1.0,2.3418766925686896e-17,1.0
normal_2_1750.mat,35,12000.0,1.0,True,1.0,3.3129552828199555,6.530978489193558,3.3129552828199555,-0.05876068352047925,0.024167554929171775,1.257758227998176,4.166896765956824,4.930215057018479,1.0,2.7321894746634712e-17,1.0
normal_2_1750.mat,36,12000.0,0.88,True,1.0,3.3300323142517243,6.437250850374516,3.3300323142517243,-0.11125644381962818,0.09273838175375894,1.2498218361096045,4.161947101302406,4.914529967497836,1.0,3.0357660829594124e-18,1.0
normal_2_1750.mat,37,12000.0,0.38,False,1.0,4.704217030848721,7.988765493246836,4.704217030848721,0.24510302487767444,0.007212870332284647,1.2640470053454702,5.946351450339485,7.055157761401944,1.0,4.336808689942018e-18,1.0
normal_2_1750.mat,38,12000.0,0.38,False,1.0,4.764663718035851,8.343611260011663,4.764663718035851,0.3679294964050719,-0.08292216102402881,1.2657132487564544,6.0306979937871645,7.138283491541941,1.0000000000000002,8.673617379884035e-18,1.0
normal_2_1750.mat,39,12000.0,0.5,False,1.0,3.9936734870729413,7.51827047027053,3.9936734870729413,0.16960819306869057,0.050879786122362894,1.2612998855722226,5.03721991225792,5.962619696466145,1.0,-1.214306433183765e-17,1.0
normal_2_1750.mat,40,12000.0,1.0,True,1.0,3.8625079336808246,6.9752879885528465,3.8625079336808246,0.02680878588658464,0.06349379460121628,1.2641469495695967,4.88277762205098,5.819655506706065,1.0000000000000002,2.3418766925686896e-17,1.0
normal_2_1750.mat,41,12000.0,1.0,True,1.0,3.3719908598509916,6.719329313991139,3.3719908598509916,-0.039554453309119886,0.005969480488744815,1.25506875043052,4.232080354936318,5.008491323114217,1.0,3.469446951953614e-18,1.0
normal_2_1750.mat,42,12000.0,1.0,True,1.0,3.583740234134373,6.795848427397085,3.583740234134373,-0.010125499392238169,0.011375293100265041,1.24786607816507,4.47202787113163,5.252065674423058,1.0,-3.9898639947466563e-17,1.0
normal_2_1750.mat,43,12000.0,1.0,True,1.0,3.639201433845134,6.8539152180461285,3.639201433845134,-0.0981417163167615,-0.007929738557703306,1.2453064218819625,4.531920916089391,5.315832851205116,1.0,8.673617379884035e-19,1.0
normal_2_1750.mat,44,12000.0,0.62,False,1.0,4.074287020838979,7.27800432953754,4.074287020838979,0.10823517584701658,0.05279410533046715,1.2508667968142482,5.09639035505872,5.98180600423357,1.0,6.071532165918825e-18,1.0
normal_2_1750.mat,45,12000.0,0.25,False,1.0,4.011208243897505,7.302603601984469,4.011208243897505,0.38292305556066886,0.1581321595870741,1.2714421321531837,5.1000191621314706,6.051971860877276,1.0,1.9081958235744878e-17,1.0
normal_2_1750.mat,46,12000.0,0.88,True,1.0,3.7730333868752535,7.102257184851077,3.7730333868752535,-0.03629508082532151,0.09557255285865324,1.2500772036408125,4.716583025508441,5.567719807466438,1.0,6.418476861114186e-17,1.0
normal_2_1750.mat,47,12000.0,1.0,True,1.0,3.3676683554453066,6.441294162413557,3.3676683554453066,-0.25927679971207995,0.03251738087135731,1.2367714309498616,4.1650360109286595,4.882466647900977,1.0,5.0306980803327406e-17,1.0
normal_2_1750.mat,48,12000.0,1.0,True,0.9999999999999999,3.682630263145875,7.0225681692892135,3.6826302631458754,-0.09434871176858595,0.043224430788693056,1.2473553611989263,4.59354860204842,5.405427719924933,0.9999999999999999,-3.469446951953614e-18,0.9999999999999999
normal_2_1750.mat,49,12000.0,0.88,True,0.9999999999999999,3.6163450816708655,7.024098234892833,3.616345081670866,0.09269884973933173,0.09369938336364335,1.2536457656706088,4.533615698840412,5.341678040421658,0.9999999999999998,-1.734723475976807e-18,0.9999999999999999
normal_2_1750.mat,50,12000.0,1.0,True,1.0,3.4341132634576677,6.414030964178468,3.4341132634576677,0.09124008965851615,0.08795019753742657,1.2543243208039716,4.307491786750449,5.07476604653244,1.0,2.2985086056692694e-17,1.0
normal_2_1750.mat,51,12000.0,1.0,True,1.0,3.372679484900742,6.439672483188803,3.372679484900742,-0.0494406533706333,0.05710230028915535,1.2510264673643763,4.2193113015476795,4.981274930486867,1.0,-2.42861286636753e-17,1.0
normal_2_1750.mat,52,12000.0,0.88,True,1.0,3.812494011303337,6.906852118086549,3.812494011303337,-0.01436780761906098,0.09976043652119868,1.2529927042677387,4.777027181227527,5.644113479799132,1.0,-8.673617379884035e-18,1.0
normal_2_1750.mat,53,12000.0,1.0,True,1.0,3.854392468957539,6.913618963954181,3.854392468957539,-0.034970367685216,0.08758227714899139,1.2472887847435883,4.807540498530887,5.654416361320635,1.0,-2.0816681711721685e-17,1.0
normal_2_1750.mat,54,12000.0,1.0,True,1.0,3.7866995767037337,6.948107915061499,3.7866995767037337,-0.025130495192509095,0.05418154314101736,1.2487501555971785,4.728641685608557,5.567891579440566,1.0,8.673617379884035e-18,1.0
normal_2_1750.mat,55,12000.0,1.0,True,1.0,4.0320086278336085,7.564425277287267,4.0320086278336085,0.09815196750359201,0.012852271519738721,1.249728886614955,5.038917653284388,5.912376651950604,1.0,4.358492733391728e-17,1.0
normal_2_1750.mat,56,12000.0,1.0,True,0.9999999999999999,4.079064230381778,7.573179551044511,4.079064230381779,0.031963126335936565,0.057619564761402925,1.243791666418347,5.073506096534024,5.9293309881468925,0.9999999999999999,3.122502256758253e-17,0.9999999999999999
normal_2_1750.mat,57,12000.0,1.0,True,0.9999999999999999,3.4987481144743877,6.994584370479826,3.498748114474388,-0.0009731230586567108,0.06783163774450371,1.249598913816965,4.37203184356635,5.135284370009673,0.9999999999999999,-1.5612511283791264e-17,0.9999999999999999
normal_2_1750.mat,58,12000.0,1.0,True,0.9999999999999999,3.418756774812828,6.6340350924887685,3.4187567748128282,0.02293564125732006,0.013647144235786942,1.2535194792617612,4.285478212085994,5.0479904051835485,0.9999999999999999,4.0332320816460765e-17,0.9999999999999999
normal_2_1750.mat,59,12000.0,1.0,True,1.0,3.2751947541794633,6.501346151366144,3.2751947541794633,-0.025029490646311103,0.06703400539154718,1.2499701246967814,4.0938955952879486,4.8207775048673955,1.0,2.2551405187698492e-17,1.0
normal_2_1750.mat,60,12000.0,1.0,True,1.0,3.5174783046937863,6.710288537967459,3.5174783046937863,0.08561446211907864,0.0664252400117581,1.25211222261225,4.404277578080506,5.1850180590906945,1.0,1.3877787807814457e-17,1.0
normal_2_1750.mat,61,12000.0,1.0,True,1.0,3.642127992396777,6.821801758364291,3.642127992396777,0.06391481009406075,0.010809702313446308,1.252554250853878,4.561962899030484,5.374032414475832,1.0,2.0816681711721685e-17,1.0
normal_2_1750.mat,62,12000.0,1.0,True,1.0,3.831828239132464,7.027700611450183,3.831828239132464,-0.012063456381191884,0.06048893167508784,1.2530317117817837,4.8014022977339295,5.675376367731095,1.0,-2.8189256484623115e-18,1.0
normal_2_1750.mat,63,12000.0,0.88,True,1.0,3.8831628618601397,6.940404950048842,3.8831628618601397,-0.058846267454935486,0.09525767121646711,1.2524490217856075,4.863463527770932,5.753272500718101,1.0,0.0,1.0
normal_2_1750.mat,64,12000.0,1.0,True,0.9999999999999999,3.456483043543964,6.860483825583673,3.4564830435439644,-0.09316530939888779,0.0545748113453477,1.2472929356865474,4.311246882532724,5.079945945527116,0.9999999999999998,1.5612511283791264e-17,0.9999999999999999
normal_2_1750.mat,65,12000.0,1.0,True,1.0,3.4029522352882395,6.732738219618719,3.4029522352882395,0.11128635369702788,0.01746031054549195,1.2611285120963636,4.291560089224052,5.089690446799606,1.0,-7.806255641895632e-18,1.0
normal_2_1750.mat,66,12000.0,0.88,True,1.0,3.373141558097074,6.552836169410749,3.373141558097074,0.07444946392887619,0.02264247925365965,1.2665097010516984,4.272116506350585,5.0773439251989405,1.0,4.336808689942018e-18,1.0
normal_2_1750.mat,67,12000.0,1.0,True,1.0,3.2219927984385484,6.241951624101398,3.2219927984385484,-0.1502412274032663,0.06677719324249802,1.2472880625536324,4.0187531551261735,4.732440615166058,1.0000000000000002,-2.0816681711721685e-17,1.0
normal_2_1750.mat,68,12000.0,1.0,True,0.9999999999999999,3.4224154581144077,6.631045946555469,3.422415458114408,-0.18183021627484308,0.08592046438229155,1.2365096305209318,4.231849673602172,4.958614699086657,0.9999999999999999,-2.949029909160572e-17,0.9999999999999999
normal_2_1750.mat,69,12000.0,1.0,True,0.9999999999999999,3.439037141733644,6.593991229023018,3.4390371417336443,-0.14718234130180718,0.05064780290337054,1.2433797775305284,4.276029236208003,5.028591803114289,0.9999999999999999,-4.336808689942018e-19,0.9999999999999999
normal_2_1750.mat,70,12000.0,1.0,True,1.0,3.4111818816063373,6.676176074395361,3.4111818816063373,-0.0100421073645105,0.047418311014940165,1.2535810281795192,4.276192890451419,5.050449566170821,1.0,-8.456776945386935e-18,1.0
normal_2_1750.mat,71,12000.0,1.0,True,1.0,3.36359285486322,6.61750190797609,3.36359285486322,0.10715149785459399,0.06844469112116096,1.2581964861151036,4.232060710710773,5.003057152581965,1.0,-1.9081958235744878e-17,1.0
normal_2_1750.mat,72,12000.0,1.0,True,1.0,3.414792798960189,6.483102963790335,3.414792798960189,-0.0031889245988914183,0.049855502495907825,1.2545077184603746,4.283883923238463,5.062716517004238,1.0,-1.5612511283791264e-17,1.0
normal_2_1750.mat,73,12000.0,1.0,True,1.0,3.433664343174117,6.345676868353358,3.433664343174117,-0.11344633125822234,0.06546792858858178,1.253428039585896,4.303851166260728,5.089911223409381,1.0,1.0408340855860843e-17,1.0
normal_2_1750.mat,74,12000.0,1.0,True,1.0,3.2317131067539706,6.449319622835024,3.2317131067539706,-0.041176898229313696,0.01149465650538738,1.2594642723188678,4.0702271963412375,4.822692309204506,1.0,1.734723475976807e-17,1.0
normal_2_1750.mat,75,12000.0,1.0,True,1.0,3.7733169410219083,7.022677742661413,3.7733169410219083,0.038814024226442534,-0.002930250077351048,1.2586946945187791,4.7494540144021045,5.619500101200782,1.0,1.1275702593849246e-17,1.0
normal_2_1750.mat,76,12000.0,1.0,True,0.9999999999999999,3.863034398360813,7.152931001666608,3.8630343983608135,0.024538971823226063,0.024367028253302794,1.2514822713558709,4.834519063186451,5.696668158906424,0.9999999999999999,3.903127820947816e-18,0.9999999999999999
normal_2_1750.mat,77,12000.0,1.0,True,0.9999999999999999,3.8139315862272167,7.155169708668641,3.813931586227217,0.057714546876214357,-0.008683991057024172,1.2527275716195043,4.7778172543373465,5.6323666125752485,0.9999999999999999,-1.5178830414797062e-17,0.9999999999999999
normal_2_1750.mat,78,12000.0,1.0,True,1.0,3.656059081757866,6.965435621579786,3.656059081757866,-0.010956608407667545,-0.0161337025511092,1.252085015946676,4.5776967936847885,5.3974564438326835,1.0,-1.214306433183765e-17,1.0
normal_2_1750.mat,79,12000.0,1.0,True,1.0,3.7026478964837626,7.0365287407188255,3.7026478964837626,-0.036182749062441566,0.02408883558026527,1.2450164764954395,4.609857637783465,5.409804184981145,1.0,4.2934406030425976e-17,1.0
normal_2_1750.mat,80,12000.0,1.0,True,1.0,3.2850736988187745,6.517872765142117,3.2850736988187745,-0.008934884433467793,-0.008386923434483315,1.2459074826978371,4.092897902572172,4.807025527197725,1.0,2.862293735361732e-17,1.0
normal_2_1750.mat,81,12000.0,0.88,True,1.0,3.7788548266633324,6.985675973961627,3.7788548266633324,0.1616940150256787,0.004886197561434574,1.2623465404204712,4.770224317189657,5.652019753760173,1.0,3.350184712980209e-17,1.0
normal_2_1750.mat,82,12000.0,0.75,True,1.0,3.796941835268927,6.817442720255032,3.796941835268927,0.1862195640339941,0.04892911398095451,1.2674551308104727,4.8124534105005345,5.719740042175832,1.0000000000000002,1.7780915628762273e-17,1.0
normal_2_1750.mat,83,12000.0,0.88,True,1.0,3.2010071032053697,6.335529785638707,3.2010071032053697,0.02704493223108617,0.05480850093000887,1.2597075570581149,4.03233283810451,4.7744378954298075,1.0,2.7755575615628914e-17,1.0
normal_2_1750.mat,84,12000.0,1.0,True,1.0,3.432527609563996,6.577027484011879,3.432527609563996,0.07105714336638957,0.010850408858354137,1.2635727351593198,4.33724830012666,5.138960351146592,1.0,-3.469446951953614e-18,1.0
normal_2_1750.mat,85,12000.0,1.0,True,0.9999999999999999,3.677621741464,7.164901887951357,3.6776217414640002,0.10313788251544942,-0.018126751676420833,1.2649355785759275,4.651954585322175,5.523592812394062,0.9999999999999999,-6.071532165918825e-18,0.9999999999999999
normal_2_1750.mat,86,12000.0,0.88,True,0.9999999999999999,3.837940958929226,7.535181762816098,3.8379409589292264,0.18520135459391263,-0.04162027955309713,1.2661475754374218,4.8593996398202135,5.764248016299816,0.9999999999999998,-1.214306433183765e-17,0.9999999999999999
normal_2_1750.mat,87,12000.0,1.0,True,1.0,3.84741126967498,7.399750259507239,3.84741126967498,0.027915233076306833,-0.004032784254402205,1.2571622087808287,4.83682004987285,5.708817863116236,1.0,-1.0842021724855044e-18,1.0
normal_2_1750.mat,88,12000.0,0.88,True,1.0,3.475523983782854,6.666783868377319,3.475523983782854,-0.10519839108058449,0.09327067560683688,1.2478417306539389,4.336903862852869,5.096994780554952,1.0,-8.673617379884035e-19,1.0
normal_2_1750.mat,89,12000.0,1.0,True,1.0,3.4628251815094644,6.771000512282555,3.4628251815094644,-0.07662154891878536,0.04828643066616853,1.2406313646001375,4.296089530307805,5.024284047165972,1.0000000000000002,1.3877787807814457e-17,1.0
normal_2_1750.mat,90,12000.0,1.0,True,0.9999999999999999,3.4995556310133744,6.845557451384636,3.499555631013375,-0.14263079179234328,0.0034276463364622117,1.2349573147731825,4.321801824975648,5.04058207836133,0.9999999999999999,6.938893903907228e-18,0.9999999999999999
normal_2_1750.mat,91,12000.0,1.0,True,0.9999999999999999,3.184684916240644,6.299659965875837,3.1846849162406445,-0.16486501925243235,-0.019124513987785384,1.2454656919535192,3.96641580285959,4.673711865255068,0.9999999999999998,8.673617379884035e-18,0.9999999999999999
normal_2_1750.mat,92,12000.0,1.0,True,1.0,3.268297815718988,6.402445367529259,3.268297815718988,-0.04415644141656738,-0.054464920117579876,1.256825064931131,4.10767861445529,4.870509632977203,1.0,-1.9081958235744878e-17,1.0
normal_2_1750.mat,93,12000.0,1.0,True,1.0,3.339091536778415,6.519199326948431,3.339091536778415,-0.024723042422545305,-0.03946413691160843,1.2571461939083894,4.197726216572699,4.984646094551492,1.0,-6.938893903907228e-18,1.0
normal_2_1750.mat,94,12000.0,1.0,True,0.9999999999999999,3.3451543809506123,6.477855210090149,3.345154380950613,-0.17379310832798112,0.04351401205840441,1.2434432708241296,4.159509704860896,4.908675700521913,0.9999999999999999,1.8648277366750676e-17,0.9999999999999999
normal_2_1750.mat,95,12000.0,1.0,True,1.0,3.379872937307071,6.356910667036541,3.379872937307071,-0.17968697785236154,0.04341503756303975,1.2418556537025571,4.197314315991054,4.923487002487667,1.0,-2.970713952610282e-17,1.0
normal_2_1750.mat,96,12000.0,1.0,True,1.0,3.711222680192702,7.080995815353845,3.711222680192702,-0.0273371654626704,0.049589349064031424,1.2535277353595056,4.652120561716793,5.491021115482297,1.0,-4.2500725161431774e-17,1.0
normal_2_1750.mat,97,12000.0,1.0,True,1.0,3.7420360941795696,7.1521373864175875,3.7420360941795696,0.012725120457330874,0.03696317962130062,1.2579364636401873,4.707243651126186,5.57537237984345,1.0,8.239936510889834e-18,1.0
normal_2_1750.mat,98,12000.0,1.0,True,1.0,3.232273507048337,6.342764251463666,3.232273507048337,-0.11342368268587855,0.018467565336809363,1.249164616256352,4.037641695067609,4.76417520098701,1.0,1.2576745200831851e-17,1.0
normal_2_1750.mat,99,12000.0,1.0,True,0.9999999999999999,3.6515985088768343,7.065666082061286,3.651598508876835,0.034481868512817204,0.012164531822798252,1.2487936514893516,4.560093035673374,5.356679141533395,0.9999999999999999,-1.5178830414797062e-17,0.9999999999999999
normal_2_1750.mat,100,12000.0,1.0,True,1.0,3.578192482495581,6.929709622278981,3.578192482495581,0.023297737814406805,0.04739921681501,1.251639437731843,4.478606826887076,5.269691398530983,1.0,-1.734723475976807e-18,1.0
normal_2_1750.mat,101,12000.0,1.0,True,1.0,3.2028642217446595,6.199128510215349,3.2028642217446595,-0.23226756319842767,0.06214481836152998,1.2400668644940904,3.971765792859205,4.667224291000512,1.0,1.3444106938820255e-17,1.0
normal_2_1750.mat,102,12000.0,1.0,True,0.9999999999999999,3.666396639396375,7.055694605823987,3.6663966393963756,-0.027902681280978392,-0.028029464726013843,1.248872569323081,4.578862191200462,5.391001158253836,0.9999999999999999,2.168404344971009e-18,0.9999999999999999
normal_2_1750.mat,103,12000.0,1.0,True,1.0,3.5615901556232776,6.87367330242426,3.5615901556232776,0.022037810213609177,0.002359717024904621,1.255316243832288,4.470921976227067,5.286712743846345,1.0,1.1275702593849246e-17,1.0
normal_2_1750.mat,104,12000.0,1.0,True,1.0,3.310800831849732,6.476403544451713,3.310800831849732,-0.09911828754188878,0.05937350115583946,1.255255855170214,4.155902129481791,4.931755495834899,1.0,1.691355389077387e-17,1.0
normal_2_1750.mat,105,12000.0,0.88,True,1.0,4.030063359135759,7.050264970438745,4.030063359135759,0.09442295414134705,0.005600317926303465,1.2671125631105071,5.106543912492251,6.091706662879243,1.0,-2.6020852139652106e-18,1.0
normal_2_1750.mat,106,12000.0,1.0,True,1.0,3.9043365660754787,7.215486662547491,3.9043365660754787,0.02850875671230302,-0.010387447184092874,1.25760626876598,4.910118140868762,5.811307528196886,1.0,-1.9081958235744878e-17,1.0
normal_2_1750.mat,107,12000.0,1.0,True,1.0,3.50719064455043,6.694964716108894,3.50719064455043,-0.12607639822088146,0.01081307805428441,1.245233376201024,4.3672708472941775,5.140299325263193,1.0000000000000002,-2.211772431870429e-17,1.0
normal_2_1750.mat,108,12000.0,1.0,True,1.0,3.29548681149735,6.426904788143846,3.29548681149735,-0.17622006382513344,0.025184623458703988,1.2428856008255402,4.095913105720528,4.812542626552548,1.0,-2.5804011705155006e-17,1.0
normal_2_1750.mat,109,12000.0,1.0,True,0.9999999999999999,3.4188785221495097,6.244328344532034,3.41887852214951,-0.14587599043354782,0.07364642737435569,1.2474627257905453,4.264923520387379,5.01858724543577,0.9999999999999999,-1.0408340855860843e-17,0.9999999999999999
normal_2_1750.mat,110,12000.0,1.0,True,1.0,3.3669501305064298,6.614459269673098,3.3669501305064298,-0.015078520616054636,0.048952626393470866,1.2599031882779195,4.242031204197808,5.0389183237346264,1.0,-2.1033522146218786e-17,1.0
normal_2_1750.mat,111,12000.0,1.0,True,1.0,3.326882433468058,6.5204618743921605,3.326882433468058,-0.10827139660056373,-0.009971987902135425,1.25789874668166,4.184881243416702,4.983797819460233,1.0,1.474514954580286e-17,1.0
normal_2_1750.mat,112,12000.0,1.0,True,1.0,2.984320776623216,5.860675746142926,2.984320776623216,-0.18779434708239506,0.039360535318717825,1.2514550974755743,3.734743448407388,4.421036550784294,1.0,-1.734723475976807e-17,1.0
normal_2_1750.mat,113,12000.0,1.0,True,1.0,3.3363830716643164,6.283428941636499,3.3363830716643164,-0.08715771238998693,-0.009667394255003257,1.252727471178007,4.17957872824715,4.951249227000924,1.0,-8.456776945386935e-18,1.0
normal_2_1750.mat,114,12000.0,1.0,True,1.0,3.375443816613743,6.647514808557281,3.375443816613743,0.009025375864867513,-0.039951375094094715,1.256699022011153,4.241916943192084,5.03840953103345,1.0,3.382710778154774e-17,1.0
normal_2_1750.mat,115,12000.0,1.0,True,1.0,3.3418226884110163,6.6030383967317245,3.3418226884110163,-0.01000309423814505,0.02394287399955108,1.2567767796350187,4.199925156452437,4.9672908876496376,1.0,-2.7755575615628914e-17,1.0
normal_2_1750.mat,116,12000.0,0.38,False,1.0,4.72944791787393,8.348152278239699,4.72944791787393,0.19591263384813917,-0.02302990916034243,1.2605669866839484,5.961785910513014,7.0625935974886955,1.0,-2.42861286636753e-17,1.0
normal_3_1730.mat,0,12000.0,0.88,True,1.0,3.23938351965917,6.2514932735251305,3.23938351965917,-0.05374258746489291,0.03389037730318884,1.2618672072279822,4.087671835092668,4.873216719548012,1.0,7.37257477290143e-18,1.0
normal_3_1730.mat,1,12000.0,0.75,True,1.0,3.7524194948187084,6.485466266819906,3.7524194948187084,-0.032057857378786636,0.09340912037692618,1.2635803852627334,4.741483670930415,5.6459332619756,1.0,-2.5153490401663703e-17,1.0
normal_3_1730.mat,2,12000.0,0.88,True,1.0,3.7564592787049826,6.513705257540385,3.7564592787049826,0.04285002428704754,0.1134179415914685,1.269076312903569,4.767233490991319,5.694594414094698,1.0,3.8163916471489756e-17,1.0
normal_3_1730.mat,3,12000.0,0.88,True,1.0,3.9120464302823637,7.453915164717156,3.9120464302823637,0.16260718815975483,0.02102971470260496,1.2625298417007997,4.9390753603505715,5.859788019423413,1.0,-5.204170427930421e-18,1.0
normal_3_1730.mat,4,12000.0,0.88,True,1.0,3.7955839420859276,7.228589560741636,3.7955839420859276,0.16825763003884742,-0.049621363558261224,1.25943671043268,4.780297754191805,5.652671544541593,1.0,8.673617379884035e-18,1.0
normal_3_1730.mat,5,12000.0,1.0,True,0.9999999999999999,3.805666113173593,7.290598824308756,3.8056661131735936,0.14914867794563857,0.052651536351529304,1.266294322004257,4.819093390555732,5.73635336031912,0.9999999999999999,1.9081958235744878e-17,0.9999999999999999
normal_3_1730.mat,6,12000.0,0.75,True,1.0,3.87946291290264,6.87840610726,3.87946291290264,0.10844760967214206,0.10643152683022153,1.2641126190447398,4.904078023316291,5.826019123920935,1.0,2.0816681711721685e-17,1.0
normal_3_1730.mat,7,12000.0,0.88,True,1.0,4.465203608665081,8.142179232354977,4.465203608665081,0.20296133524600757,0.0814828462067835,1.2576906087143096,5.615844644615317,6.612411994876571,1.0000000000000002,-4.336808689942018e-18,1.0
normal_3_1730.mat,8,12000.0,0.75,True,1.0,4.407806088823616,8.026923924427464,4.407806088823616,0.2015432875298595,0.07556701201612581,1.260265239840615,5.5550047977022174,6.558071439952492,1.0,-3.469446951953614e-17,1.0
normal_3_1730.mat,9,12000.0,1.0,True,1.0,3.3546406778094573,6.654170682943839,3.3546406778094573,-0.053033012977673266,-0.008663580859588578,1.258382551676716,4.221421296100373,5.007686986804452,1.0,-1.474514954580286e-17,1.0
normal_3_1730.mat,10,12000.0,1.0,True,0.9999999999999999,3.343417511356913,6.563350350928703,3.3434175113569133,0.011079768871882667,-0.04297305966479326,1.261365228937745,4.217270594647179,5.008206162574045,0.9999999999999999,8.890457814381136e-18,0.9999999999999999
normal_3_1730.mat,11,12000.0,0.88,True,1.0,3.609878265567154,7.064224118543466,3.609878265567154,0.15396852705918018,-0.01860599460466477,1.2635543984048916,4.561277560163599,5.416460259107395,1.0,3.469446951953614e-18,1.0
normal_3_1730.mat,12,12000.0,0.88,True,1.0,3.6548774553528967,7.219535985214403,3.6548774553528967,0.07595113639425843,0.013522922375404827,1.2665611864263733,4.629125926094769,5.523464183188048,1.0,1.1275702593849246e-17,1.0
normal_3_1730.mat,13,12000.0,0.88,True,1.0,3.5231098935152394,6.764800945020283,3.5231098935152394,0.014455500949261513,0.05693448889648449,1.266236223858695,4.461089367803947,5.325329095720895,1.0,1.0408340855860843e-17,1.0
normal_3_1730.mat,14,12000.0,0.88,True,1.0,3.5174988187536345,6.746396620774677,3.5174988187536345,-0.01967474729795704,0.10960127288610667,1.2506713017251676,4.399234826467348,5.181181073852096,1.0,-1.734723475976807e-17,1.0
normal_3_1730.mat,15,12000.0,1.0,True,1.0,3.541849874672795,6.647874517986809,3.541849874672795,-0.16518437079676485,0.08483613460799358,1.240393577746463,4.393287837886249,5.146844279622281,1.0000000000000002,-9.324138683375338e-18,1.0
normal_3_1730.mat,16,12000.0,0.88,True,1.0,3.22054363208101,6.128083267269915,3.22054363208101,-0.15462330591758633,0.0410257741084769,1.247914708797679,4.018963768798592,4.739753991756591,1.0000000000000002,-3.903127820947816e-18,1.0
normal_3_1730.mat,17,12000.0,0.88,True,1.0,3.25447688621036,6.302986963159361,3.25447688621036,0.008146287623087112,0.04952755743855441,1.2612730679935775,4.104784046984726,4.868967037448959,1.0,3.9898639947466563e-17,1.0
normal_3_1730.mat,18,12000.0,0.88,True,0.9999999999999999,3.467996656901352,6.662306876154255,3.4679966569013523,-0.0023045697586550062,0.08299765772483639,1.2620751294403991,4.376872329657646,5.211774831570024,0.9999999999999999,2.7755575615628914e-17,0.9999999999999999
normal_3_1730.mat,19,12000.0,1.0,True,1.0,3.4016281583970556,6.789895797794072,3.4016281583970556,0.03185962635010142,0.06414166818045386,1.2624599301538062,4.294419247259167,5.11100949928661,1.0,3.903127820947816e-18,1.0
normal_3_1730.mat,20,12000.0,0.75,True,0.9999999999999999,3.6023662982698035,7.201184976453392,3.602366298269804,0.181727918146533,0.078328366585001,1.263161339985354,4.550369840440566,5.371139907265657,0.9999999999999999,1.5612511283791264e-17,0.9999999999999999
normal_3_1730.mat,21,12000.0,1.0,True,0.9999999999999999,3.7251699452057214,7.429083163440793,3.725169945205722,0.12997399141945776,0.029945663959947327,1.2581353009847378,4.6867678102307,5.520443828079686,0.9999999999999999,-1.3010426069826053e-18,0.9999999999999999
normal_3_1730.mat,22,12000.0,0.88,True,0.9999999999999999,3.17953564450277,6.2982750566475,3.1795356445027703,-0.11045154617734676,-0.02883784427464388,1.2447421542519177,3.9577020476591374,4.641661246992807,0.9999999999999999,-1.734723475976807e-18,0.9999999999999999
normal_3_1730.mat,23,12000.0,0.88,True,1.0,3.1897264210601044,6.312049859592761,3.1897264210601044,0.006529723728006864,-0.013474487028361445,1.2513064734293693,3.9913253191412026,4.68854083521777,1.0,1.6479873021779667e-17,1.0
normal_3_1730.mat,24,12000.0,0.88,True,0.9999999999999999,3.5330435327165053,6.7094051846309135,3.5330435327165057,0.059243936595762214,0.037518391733863385,1.2636837064876774,4.464649546605512,5.2974767432038785,0.9999999999999999,2.2551405187698492e-17,0.9999999999999999
normal_3_1730.mat,25,12000.0,1.0,True,1.0,3.6998340852641936,7.172982526467187,3.6998340852641936,0.07741911880229413,0.04782342352980938,1.2622526876801865,4.670125518095492,5.536054785054626,1.0,1.8214596497756474e-17,1.0
normal_3_1730.mat,26,12000.0,1.0,True,1.0,3.7676054068074927,7.012009896537232,3.7676054068074927,0.031045375919763973,0.04256020973426494,1.2598171757341845,4.746494002885059,5.618113447085506,1.0,-2.168404344971009e-18,1.0
normal_3_1730.mat,27,12000.0,0.75,True,1.0,3.181126519065029,6.234124469859203,3.181126519065029,-0.11607017654905949,0.08576045361001855,1.2556684894121124,3.9944403308231964,4.730041688991871,1.0,5.204170427930421e-18,1.0
normal_3_1730.mat,28,12000.0,0.88,True,0.9999999999999999,3.2146938934770084,6.333926426709933,3.214693893477009,-0.11192498921540617,0.048673611037181076,1.2511147821535684,4.021951050227894,4.745695305525743,0.9999999999999998,-2.42861286636753e-17,0.9999999999999999
normal_3_1730.mat,29,12000.0,0.75,True,1.0,3.217071154258818,6.36015975765944,3.217071154258818,-0.09957183808286008,0.022496655458012042,1.2488909573368814,4.017771073663161,4.722742789909807,1.0,1.474514954580286e-17,1.0
normal_3_1730.mat,30,12000.0,0.5,False,1.0,4.098714013861688,7.121715702001266,4.098714013861688,-0.013495350239577597,0.05474926043489457,1.2476076009241468,5.113586757708161,5.998766793677169,1.0000000000000002,1.734723475976807e-18,1.0
normal_3_1730.mat,31,12000.0,1.0,True,0.9999999999999999,3.984708273994038,7.551511149710091,3.9847082739940385,0.012994328910372666,0.08105070418403976,1.245328815003532,4.962272032987765,5.82185865676578,0.9999999999999998,-7.806255641895632e-18,0.9999999999999999
normal_3_1730.mat,32,12000.0,1.0,True,1.0,3.5926012407607195,6.896623578247236,3.5926012407607195,0.015386345297770276,0.04189688487823019,1.2511853955919425,4.495010204625305,5.296830096934719,1.0,3.469446951953614e-18,1.0
normal_3_1730.mat,33,12000.0,0.88,True,0.9999999999999998,3.7521425700659443,7.184794339392322,3.752142570065945,0.05973944520941732,0.05952377530080421,1.2571651559912038,4.717062899398191,5.569660210443546,0.9999999999999997,1.691355389077387e-17,0.9999999999999998
normal_3_1730.mat,34,12000.0,0.75,True,1.0,3.593230691961915,6.946642255057183,3.593230691961915,0.12997899329987916,0.08696365134604725,1.2630042278749718,4.5382655556780085,5.371351656030021,1.0,2.42861286636753e-17,1.0
normal_3_1730.mat,35,12000.0,0.88,True,1.0,3.4964526359058974,6.716111573007652,3.4964526359058974,-0.05748764344372059,0.07385385659298742,1.2518354394067244,4.376983321834058,5.162923635997719,1.0,2.6020852139652106e-17,1.0
normal_3_1730.mat,36,12000.0,0.88,True,1.0,3.20294249833731,6.2855008032268795,3.20294249833731,-0.14480472248376186,0.0012302956463298691,1.245730534036936,3.9900032689433353,4.696860613086041,1.0,-1.3010426069826053e-17,1.0
normal_3_1730.mat,37,12000.0,0.88,True,1.0,3.541118377059775,6.61203290495537,3.541118377059775,-0.0342096217004606,-0.033139113346287254,1.2515056454281404,4.431729640019643,5.225699587436053,1.0,1.5612511283791264e-17,1.0
normal_3_1730.mat,38,12000.0,1.0,True,1.0,3.605143315477162,7.1905796952755,3.605143315477162,-0.0059318533714680655,0.02191688450448135,1.2455318930718644,4.490320978521647,5.263638165113081,1.0,4.336808689942018e-19,1.0
normal_3_1730.mat,39,12000.0,0.88,True,1.0,3.655357344982701,6.815626117683835,3.655357344982701,-0.05352031159756976,0.07502733033042464,1.2421492575750686,4.540499412241836,5.3104852863772365,1.0000000000000002,-3.447762908503904e-17,1.0
normal_3_1730.mat,40,12000.0,1.0,True,1.0,3.227933246722989,6.290317004881926,3.227933246722989,-0.123566392963121,0.029205902349611703,1.2478709747842132,4.028044207126586,4.742333466469151,1.0,2.8189256484623115e-18,1.0
normal_3_1730.mat,41,12000.0,0.88,True,1.0,3.302225496445234,6.38930228694606,3.302225496445234,-0.035618165201632745,-0.02346704621854967,1.2555246172012255,4.146025402336529,4.9097455310191265,1.0,-2.905661822261152e-17,1.0
normal_3_1730.mat,42,12000.0,0.75,True,1.0,3.689065891597935,6.9617678695827205,3.689065891597935,0.06128685361563413,-0.037127513574784686,1.2630366605857326,4.659425464404584,5.545923602384086,1.0,-1.8214596497756474e-17,1.0
normal_3_1730.mat,43,12000.0,1.0,True,1.0,3.5198241502986005,7.005941209016152,3.5198241502986005,0.15085758138837058,0.018359206134887958,1.2659969566938343,4.45608666237549,5.309463737437537,1.0,1.5612511283791264e-17,1.0
normal_3_1730.mat,44,12000.0,1.0,True,1.0,3.557309998372484,6.912263061565938,3.557309998372484,0.13551805714476917,0.06860265350439161,1.2624541079494602,4.49094062069503,5.328158001434533,1.0,3.0357660829594124e-18,1.0
normal_3_1730.mat,45,12000.0,0.88,True,0.9999999999999999,3.543039926864237,6.791045768062264,3.5430399268642376,0.08776052844065596,0.05233737188626217,1.2657242153438057,4.484511431362012,5.33835990767384,0.9999999999999998,8.131516293641283e-18,0.9999999999999999
normal_3_1730.mat,46,12000.0,1.0,True,1.0,3.484900291052765,6.712641046549846,3.484900291052765,0.10886859800099735,0.021968067396079132,1.2639724045320957,4.404817800436564,5.228838638063077,1.0,-1.0842021724855044e-19,1.0
normal_3_1730.mat,47,12000.0,1.0,True,1.0,3.575610315654691,6.794160366429553,3.575610315654691,-0.03511763732933737,0.026003271006049933,1.2481510047900868,4.462901608222202,5.241275966505444,1.0,-1.431146867680866e-17,1.0
normal_3_1730.mat,48,12000.0,0.88,True,1.0,3.6299165684356143,6.449304813216383,3.6299165684356143,-0.1461544337536358,0.04808621480421292,1.2467369478496935,4.525551103480451,5.323091283331798,1.0,-2.168404344971009e-17,1.0
normal_3_1730.mat,49,12000.0,0.88,True,1.0,3.375467688971371,6.388548754573128,3.375467688971371,-0.050178870868977654,0.06791396465004451,1.2546757814562597,4.23511756044051,4.995857284555414,1.0,1.6479873021779667e-17,1.0
normal_3_1730.mat,50,12000.0,1.0,True,1.0,3.3429210950680677,6.381192061152634,3.3429210950680677,-0.05548362982986088,0.039669198134940055,1.2489551171597226,4.175158407946446,4.903020419630955,1.0,1.734723475976807e-17,1.0
normal_3_1730.mat,51,12000.0,0.88,True,1.0,3.916190830491201,7.001565955982875,3.916190830491201,0.012823410810386626,0.016807758892333574,1.2480623912102293,4.887650492338422,5.724477495746182,1.0,6.938893903907228e-18,1.0
normal_3_1730.mat,52,12000.0,1.0,True,1.0,3.861664894947359,7.129606630709064,3.861664894947359,0.0759453735906721,-0.019613519388924014,1.2566993923742824,4.852951927033443,5.717658750356725,1.0,-3.2959746043559335e-17,1.0
normal_3_1730.mat,53,12000.0,1.0,True,0.9999999999999999,3.3983413741040196,6.580359417384733,3.39834137410402,-0.029580345771975658,-0.04185401320563385,1.2584983422607696,4.276806985746095,5.070020496055643,0.9999999999999999,2.6020852139652106e-18,0.9999999999999999
normal_3_1730.mat,54,12000.0,1.0,True,1.0,3.433701124688883,6.747336753306345,3.433701124688883,0.06870453198628379,0.006449629286363806,1.2589826735260607,4.322970222050252,5.109244290312715,1.0,1.3444106938820255e-17,1.0
normal_3_1730.mat,55,12000.0,0.88,True,0.9999999999999999,3.9453059742538588,7.3379098656599,3.945305974253859,0.12585372194977484,0.03760200918943601,1.258101620719004,4.963595840441149,5.8658008826489105,0.9999999999999998,-8.673617379884035e-18,0.9999999999999999
normal_3_1730.mat,56,12000.0,0.5,False,0.9999999999999999,4.106331739298168,7.590682037115018,4.106331739298169,0.11567549647309594,0.06618260690343121,1.258575031317169,5.1681265973858785,6.120908211118915,0.9999999999999999,0.0,0.9999999999999999
normal_3_1730.mat,57,12000.0,0.75,True,1.0,3.229625726757997,6.422550250328362,3.229625726757997,0.030858457708098808,0.019789524302132742,1.2566428703883343,4.05848614355318,4.798411156319311,1.0,5.204170427930421e-18,1.0
normal_3_1730.mat,58,12000.0,1.0,True,1.0,3.463362497803167,6.5579690042215875,3.463362497803167,-0.06503656777836042,0.014770025057764636,1.24401159491216,4.30846310465108,5.048674612548637,1.0,2.6020852139652106e-18,1.0
normal_3_1730.mat,59,12000.0,1.0,True,0.9999999999999999,3.4648513227465165,6.5761610773706725,3.464851322746517,-0.012285310388786108,-0.005808728468144921,1.246702115814889,4.3196374750521,5.054235934363149,0.9999999999999998,-2.2985086056692694e-17,0.9999999999999999
normal_3_1730.mat,60,12000.0,0.88,True,1.0,3.108340845705638,6.196893600303745,3.108340845705638,0.01945080893154172,-0.05855583930840158,1.2501879981364046,3.886010419418351,4.558074800359777,1.0000000000000002,1.3010426069826053e-17,1.0
normal_3_1730.mat,61,12000.0,0.62,False,1.0,4.00965960361699,7.447760825469078,4.00965960361699,0.11567321571333444,-0.005402454544139554,1.2519575288396563,5.019923528832522,5.889862623253885,1.0000000000000002,-2.1250362580715887e-17,1.0
normal_3_1730.mat,62,12000.0,0.62,False,1.0,4.010635184206591,7.48678117966215,4.010635184206591,0.10733061783505082,0.022806605805462826,1.2567437817474745,5.040340828609271,5.920680237713476,1.0,-1.734723475976807e-17,1.0
normal_3_1730.mat,63,12000.0,1.0,True,0.9999999999999999,3.439256535578538,6.758062617708889,3.4392565355785383,-0.030761256016021754,0.0030737058223610555,1.2574079805010763,4.324548614826938,5.114086381373052,0.9999999999999998,-3.903127820947816e-18,0.9999999999999999
normal_3_1730.mat,64,12000.0,0.88,True,1.0,3.381413383922486,6.711686589710817,3.381413383922486,0.11126009878161103,0.006334721537415537,1.2668429107080534,4.283719573595531,5.0967995983381815,1.0,-9.974659986866641e-18,1.0
normal_3_1730.mat,65,12000.0,0.62,False,1.0,3.723765559946574,6.855495196648256,3.723765559946574,0.20105697325200111,0.09817697843443887,1.2651440570208339,4.711099867905266,5.5789086032120005,1.0,-1.235990476633475e-17,1.0
normal_3_1730.mat,66,12000.0,1.0,True,0.9999999999999999,3.71825164625112,6.7209055216302405,3.7182516462511206,0.051586813696315126,0.05518127236743109,1.2538978378403243,4.662307699780506,5.4971019850581415,0.9999999999999999,8.673617379884035e-18,0.9999999999999999
normal_3_1730.mat,67,12000.0,1.0,True,1.0,3.3749812402168,6.354607567878942,3.3749812402168,-0.021097551225491173,0.01373525028428317,1.2521010896347171,4.225817688372184,4.982906753861916,1.0,1.734723475976807e-18,1.0
normal_3_1730.mat,68,12000.0,1.0,True,1.0,3.759718825566628,6.81214782575406,3.759718825566628,0.014602055895745814,0.0896588270553897,1.257664773598222,4.7284659255492265,5.59933593541771,1.0,-2.6020852139652106e-17,1.0
normal_3_1730.mat,69,12000.0,0.88,True,0.9999999999999999,3.8741482523239648,6.989629981106727,3.874148252323965,0.07271017527273305,0.051299875058156474,1.2641651873778652,4.897563351328754,5.821619174748471,0.9999999999999999,-7.806255641895632e-18,0.9999999999999999
normal_3_1730.mat,70,12000.0,0.88,True,0.9999999999999999,3.7274914428227732,6.798205716449798,3.7274914428227737,0.010234788480511181,-0.011262641186521767,1.2598187920139505,4.695963766739324,5.55835816732399,0.9999999999999998,-3.0357660829594124e-17,0.9999999999999999
normal_3_1730.mat,71,12000.0,0.75,True,0.9999999999999999,3.703360018953477,7.008931176978118,3.7033600189534774,0.09216711186920934,-0.008942385123852831,1.2659377346374896,4.688223192941016,5.5783993951970805,0.9999999999999998,8.673617379884035e-18,0.9999999999999999
normal_3_1730.mat,72,12000.0,0.88,True,1.0,3.385272341119153,6.6277436529649965,3.385272341119153,0.08832185491888556,0.02520873908230515,1.2617297667857097,4.271298881466382,5.07321968390322,1.0,-2.3852447794681098e-18,1.0
normal_3_1730.mat,73,12000.0,0.62,False,1.0,4.021943641815154,7.213714448612121,4.021943641815154,-0.04053378551054454,0.08449993341279803,1.2469259905608339,5.015066059550209,5.8871760094414345,1.0,3.642919299551295e-17,1.0
normal_3_1730.mat,74,12000.0,1.0,True,1.0,3.958106877191814,7.169584047087358,3.958106877191814,-0.06801752075133294,0.05593084629619498,1.2456301414909774,4.93033722947285,5.783987939020208,1.0,2.8406096919120216e-17,1.0
normal_3_1730.mat,75,12000.0,1.0,True,0.9999999999999999,3.678474995711079,7.165570462569222,3.6784749957110794,0.0857223774216167,-0.04446306520366054,1.2482812342702632,4.591771307878528,5.3836575508384925,0.9999999999999999,1.734723475976807e-18,0.9999999999999999
normal_3_1730.mat,76,12000.0,1.0,True,1.0,3.6501883626478033,7.125073631542451,3.6501883626478033,0.08492098359175593,-0.04335353484664024,1.2513249187853095,4.567571656441344,5.370199422439398,1.0,4.336808689942018e-19,1.0
normal_3_1730.mat,77,12000.0,0.88,True,1.0,3.4050205475277853,6.419891717876948,3.4050205475277853,0.03845800651557996,-0.041632009734708306,1.261585183248403,4.295723471417419,5.086343220189745,1.0000000000000002,1.3877787807814457e-17,1.0
normal_3_1730.mat,78,12000.0,1.0,True,0.9999999999999999,3.9078171924988263,7.348233993487407,3.9078171924988268,0.10749377334745969,-0.03470923327808184,1.2533377133512758,4.897814664241282,5.75691609480976,0.9999999999999999,-1.6046192152785466e-17,0.9999999999999999
normal_3_1730.mat,79,12000.0,1.0,True,1.0,3.8173359495098245,7.226031063761248,3.8173359495098245,0.015865968028918598,0.045180058976635726,1.243426082783374,4.746575086367153,5.551546883103769,1.0,1.3010426069826053e-17,1.0
normal_3_1730.mat,80,12000.0,1.0,True,1.0,3.417910772812456,6.770555742864871,3.417910772812456,0.06752535584503683,0.032514328524640285,1.2629542131592904,4.316664810726017,5.126888411573486,1.0,1.214306433183765e-17,1.0
normal_3_1730.mat,81,12000.0,0.88,True,1.0,3.2970165393665085,6.198423042952783,3.2970165393665085,0.012979938231300281,-0.06725002338917768,1.2643640218421917,4.1686290917936635,4.9685153330764456,1.0,1.734723475976807e-18,1.0
normal_3_1730.mat,82,12000.0,1.0,True,1.0,3.298119134595387,6.548456565041418,3.298119134595387,-0.047629168806559985,-0.06000618035311418,1.2540401816756253,4.135973918735855,4.884172526472156,1.0,-2.42861286636753e-17,1.0
normal_3_1730.mat,83,12000.0,0.88,True,0.9999999999999999,3.4157259972284786,6.560022392305283,3.415725997228479,-0.030295828121156276,0.005815883191966116,1.2524115692267852,4.277894756237645,5.0327920042566285,0.9999999999999999,-1.3877787807814457e-17,0.9999999999999999
normal_3_1730.mat,84,12000.0,0.88,True,1.0,3.545261092997211,6.930546549905396,3.545261092997211,0.05438125099738267,0.050910801951299066,1.2620707228347225,4.474370230276808,5.308152191820887,1.0000000000000002,-5.204170427930421e-18,1.0
normal_3_1730.mat,85,12000.0,0.62,False,1.0,4.17253126107278,7.457264514041629,4.17253126107278,0.09113784208405562,0.07989821740931735,1.2637218484564563,5.272918917985241,6.276248693086999,1.0,-1.951563910473908e-18,1.0
normal_3_1730.mat,86,12000.0,0.62,False,1.0,4.128370081380712,7.51783906433549,4.128370081380712,-0.08339491716351466,0.0013398459576664662,1.2467507244241984,5.14704838965259,6.056733748054231,1.0,-3.469446951953614e-18,1.0
normal_3_1730.mat,87,12000.0,0.88,True,0.9999999999999999,3.4387825990094734,6.4240253878199045,3.438782599009474,-0.0752285503171013,-0.03794869558819637,1.248246404993102,4.292448016766411,5.047562312340244,0.9999999999999998,8.673617379884035e-18,0.9999999999999999
normal_3_1730.mat,88,12000.0,0.88,True,1.0,3.4350232021978826,6.628948038981331,3.4350232021978826,-0.027403625565774803,0.014593106352997737,1.252277598130788,4.301602605171893,5.061350017407292,1.0000000000000002,-2.5587171270657905e-17,1.0
normal_3_1730.mat,89,12000.0,0.75,True,1.0,3.4238290333373596,6.643560078193044,3.4238290333373596,-0.02214814619006855,-0.014872318105466065,1.2494623771525302,4.277945562957546,5.023808336744709,1.0,-1.5612511283791264e-17,1.0
normal_3_1730.mat,90,12000.0,0.38,False,1.0,4.58228254889496,8.101952128671758,4.58228254889496,0.19763124320662584,0.0007760181218090419,1.2532431889989142,5.742714394471193,6.763716913498076,1.0,-1.5612511283791264e-17,1.0
normal_3_1730.mat,91,12000.0,0.5,False,1.0,4.505852878863152,7.987717257638639,4.505852878863152,0.14590991916093587,0.07395731110279828,1.2495091396223759,5.630104353933302,6.627191474107656,1.0000000000000002,3.469446951953614e-18,1.0
normal_3_1730.mat,92,12000.0,1.0,True,1.0,3.7544313699111855,7.461046925572511,3.7544313699111855,0.013841738782100599,0.06025717116730209,1.2505400696798046,4.695066866936778,5.533561355563982,1.0,8.673617379884035e-19,1.0
normal_3_1730.mat,93,12000.0,0.88,True,0.9999999999999999,3.774592266287078,7.331576665687989,3.7745922662870783,0.05908553669584604,0.07235217367649178,1.2610017051151896,4.7597672839026135,5.642754975783474,0.9999999999999999,-2.0383000842727483e-17,0.9999999999999999
normal_3_1730.mat,94,12000.0,0.5,False,1.0,3.906961810811665,6.972187145834489,3.906961810811665,0.1538406768215399,0.11575271866047543,1.27271180484661,4.972436417704893,5.9460540174376995,1.0,-1.734723475976807e-17,1.0
normal_3_1730.mat,95,12000.0,0.38,False,0.9999999999999999,4.164839917133931,7.36696802028713,4.164839917133932,0.284681561995237,0.0845730117465194,1.2774101582649462,5.320208817694222,6.367175544684615,0.9999999999999998,1.734723475976807e-18,0.9999999999999999
normal_3_1730.mat,96,12000.0,0.62,False,1.0,4.210111423950988,7.46394210511502,4.210111423950988,0.10292443630671544,0.09257927369490046,1.259626340978783,5.303167248064356,6.266441629210215,1.0000000000000002,-6.938893903907228e-18,1.0
normal_3_1730.mat,97,12000.0,1.0,True,1.0,3.8795825102467734,6.9525914518334515,3.8795825102467734,-0.07311283078080777,0.02578537069671901,1.2477488943763546,4.840744787802254,5.685980713542342,1.0,-1.9081958235744878e-17,1.0
normal_3_1730.mat,98,12000.0,1.0,True,1.0,3.899366862020277,6.850715822299334,3.899366862020277,0.06947590620546817,-0.03991813983959776,1.2614546086757226,4.918874299012868,5.836830278572835,1.0,2.3852447794681098e-17,1.0
normal_3_1730.mat,99,12000.0,1.0,True,0.9999999999999999,3.4826172627891903,6.752484437535145,3.4826172627891907,0.09141867412520366,-0.006567274986618566,1.2601958423749178,4.388779795150055,5.204202655751574,0.9999999999999999,2.8189256484623115e-17,0.9999999999999999
normal_3_1730.mat,100,12000.0,0.38,False,1.0,4.5305755881057275,8.951944651616031,4.5305755881057275,0.2472500841172396,0.012097716094999322,1.2535903701034903,5.679485928275297,6.689958022988875,1.0,1.9949319973733282e-17,1.0
normal_3_1730.mat,101,12000.0,0.25,False,1.0,4.715946641439278,9.309501444571554,4.715946641439278,0.21147836572105128,0.02349828316667726,1.2495081348361956,5.892613691931814,6.918435294119699,1.0,1.0842021724855044e-17,1.0
normal_3_1730.mat,102,12000.0,1.0,True,1.0,3.5518129637739397,7.09052742178535,3.5518129637739397,-0.014402225526566781,0.05739323790226479,1.254747370834312,4.456627977990576,5.267457658084934,1.0000000000000002,6.938893903907228e-18,1.0
normal_3_1730.mat,103,12000.0,1.0,True,1.0,3.6169501048768944,7.135880475311813,3.6169501048768944,0.04552916116595984,0.0441751235133825,1.2597988496928785,4.556629581520448,5.401783644902865,1.0,-4.2500725161431774e-17,1.0
normal_3_1730.mat,104,12000.0,1.0,True,1.0,3.752467638235935,7.504822712739237,3.752467638235935,0.13581586108327315,0.04699975066088741,1.256124516645374,4.713566598306523,5.5447398021901515,1.0,-3.382710778154774e-17,1.0
normal_3_1730.mat,105,12000.0,0.62,False,1.0,3.7397639777603087,7.326571231113924,3.7397639777603087,0.3218574730609909,0.11092257424574865,1.2671468989823838,4.738830327345,5.603107450272586,1.0,-7.806255641895632e-18,1.0
normal_3_1730.mat,106,12000.0,0.75,True,1.0,3.587382754540865,6.8221124710936,3.587382754540865,0.19748866948162114,0.06289121729012333,1.2649532782773767,4.5378715757921935,5.369352286187056,1.0,2.949029909160572e-17,1.0
normal_3_1730.mat,107,12000.0,0.88,True,0.9999999999999999,3.4639001214517537,6.652119555167215,3.463900121451754,-0.022621279027015717,0.016039401555786977,1.2481311607576744,4.323401679336227,5.072834513639182,0.9999999999999998,-1.3010426069826053e-17,0.9999999999999999
normal_3_1730.mat,108,12000.0,0.88,True,1.0,3.6668899067723024,7.097891185807424,3.6668899067723024,-0.00241844029649263,0.048614437751507616,1.2465325132624914,4.5708974913457405,5.374074816432397,1.0,-6.5052130349130266e-18,1.0
normal_3_1730.mat,109,12000.0,1.0,True,1.0,3.7355642573638486,7.365743756534446,3.7355642573638486,0.006818533377270786,0.0003050485119565696,1.249629234578256,4.668070303647477,5.495419136177056,1.0,9.324138683375338e-18,1.0
normal_3_1730.mat,110,12000.0,1.0,True,0.9999999999999999,3.750493433460868,7.460944331820621,3.7504934334608686,0.07352545378641961,-0.005627555424136267,1.2554730331821033,4.708643366836678,5.5432880840662895,0.9999999999999999,7.15573433840433e-18,0.9999999999999999
normal_3_1730.mat,111,12000.0,0.75,True,1.0,3.7832812066008046,7.099932776696172,3.7832812066008046,0.2953892561291829,0.019289084852978096,1.2683186071133217,4.798405950273939,5.681232173390726,1.0,4.119968255444917e-17,1.0
normal_3_1730.mat,112,12000.0,1.0,True,0.9999999999999999,3.6393575740363038,6.719178929770635,3.639357574036304,0.10786257882540262,0.0037805886667625025,1.2601560186152274,4.586158350814761,5.417173685654538,0.9999999999999998,-2.6237692574149207e-17,0.9999999999999999
normal_3_1730.mat,113,12000.0,1.0,True,1.0,3.568693382394095,6.782162207640216,3.568693382394095,-0.023082170242251898,-0.040406851225263274,1.2601611265829742,4.497128673186948,5.3333844282365614,1.0,-3.469446951953614e-18,1.0
normal_3_1730.mat,114,12000.0,0.5,False,1.0,4.13975942562232,7.314814237826454,4.13975942562232,0.07330069468625933,0.11102475761275532,1.2608823635439725,5.219749649082109,6.190872478210945,1.0,1.3010426069826053e-18,1.0
normal_3_1730.mat,115,12000.0,0.25,False,1.0,4.110242672692073,8.193687506315747,4.110242672692073,0.2854512348244804,0.12967285827847544,1.260806059201239,5.18221886651766,6.118409854970948,1.0,-1.734723475976807e-17,1.0
normal_3_1730.mat,116,12000.0,0.38,False,0.9999999999999999,4.214785151777568,8.238998890681627,4.214785151777569,0.31015033015608573,-0.08069512536014752,1.2587105138353214,5.305194384099426,6.247675141675242,1.0,-3.8163916471489756e-17,1.0
